Year,Track,Car Num,Team,Country,"Engine Cylinders","Engine Displacement (cc)",Weight (kg),Weight (lbs),Accel Place,Accel Best Time,Accel Score,Skidpad Place,Skidpad Best Time,Skidpad Score
2019,MIS,1,Universitat Stuttgart,DE,4,600,173.7,383,9,4.313,86.44,5,5.030,62.18
2019,MIS,2,Graz Technical Univ,AT,1,510,155.1,342,4,4.261,89.82,6,5.085,58.19
2019,MIS,5,Ecole De Technologie Superieure,CA,1,450,147.4,325,11,4.329,85.44,1,4.865,75.00
2019,MIS,6,Univ of Akron,US,1,450,169.2,373,76,5.345,33.75,33,5.412,36.88
2019,MIS,7,Carleton Univ,CA,1,450,162.4,358,43,4.716,63.13,2,4.921,70.51
2019,MIS,8,Univ of Wisconsin - Madison,US,1,450,164.7,363,85,5.952,11.32,55,5.577,27.53
2019,MIS,9,Univ of Michigan - Ann Arbor,US,4,600,196.4,433,1,4.109,100.00,34,5.412,36.88
2019,MIS,10,AGH Univ of Science and Technology,PL,4,600,193.7,427,3,4.247,90.72,56,5.578,27.47
2019,MIS,11,Michigan State Univ,US,4,600,193.7,427,8,4.307,86.85,63,5.685,21.84
2019,MIS,12,Purdue Univ - W Lafayette,US,4,600,206.4,455,49,4.879,54.80,44,5.468,33.61
2019,MIS,14,Polytechnique Montréal,CA,1,450,186.0,410,50,4.910,53.28,27,5.358,40.13
2019,MIS,15,Embry-Riddle Aero Univ - Daytona Beach,US,4,600,,,,,,,,
2019,MIS,16,Kookmin Univ,KR,4,600,210.0,463,22,4.478,76.42,12,5.195,50.57
2019,MIS,17,Bradley Univ,US,2,470,231.8,511,86,7.938,4.50,90,7.981,3.50
2019,MIS,18,Univ of Alabama - Tuscaloosa,US,4,600,201.8,445,33,4.586,70.22,35,5.412,36.88
2019,MIS,19,North Carolina State Univ - Raleigh,US,4,600,211.4,466,18,4.454,77.82,14,5.250,46.94
2019,MIS,20,Florida Inst of Tech,US,4,600,243.1,536,80,5.700,20.05,,,
2019,MIS,21,Univ of Florida,US,4,600,215.0,474,26,4.512,74.45,41,5.466,33.73
2019,MIS,22,Auburn Univ,US,4,600,,,,,,,,
2019,MIS,23,Rensselaer Polytechnic Inst,US,4,600,196.4,433,12,4.330,85.38,10,5.191,50.84
2019,MIS,24,Univ of Toledo,US,1,450,175.1,386,,,,15,5.301,43.67
2019,MIS,25,Florida A&M Univ/Florida State Univ,US,4,600,,,,,,,,
2019,MIS,26,Purdue Univ - Northwest,US,4,600,206.8,456,87,8.995,4.50,89,6.451,3.50
2019,MIS,29,Univ of Cincinnati,US,1,475,191.0,421,56,5.043,46.96,9,5.146,53.90
2019,MIS,30,Univ of New Hampshire,US,1,450,201.4,444,,,,,,
2019,MIS,32,Pellissippi State Community College,US,4,600,262.2,578,88,10.072,4.50,52,5.576,27.58
2019,MIS,33,Oregon State Univ,US,1,450,146.5,323,34,4.605,69.19,4,5.001,64.35
2019,MIS,34,Univ of Central Florida,US,4,630,212.3,468,36,4.640,67.21,59,5.585,27.09
2019,MIS,35,Kansas State Univ,US,3,675,249.0,549,28,4.528,73.52,47,5.521,30.61
2019,MIS,36,Missouri University of Science and Tech,US,4,600,209.6,462,57,5.069,45.74,18,5.303,43.55
2019,MIS,37,Univ of Illinois - Urbana Champaign,US,4,600,193.2,426,10,4.326,85.65,42,5.466,33.73
2019,MIS,38,Brown Univ,US,4,600,198.7,438,20,4.472,76.75,51,5.523,30.50
2019,MIS,39,Univ of Missouri,US,4,600,213.6,471,42,4.705,63.70,19,5.303,43.55
2019,MIS,40,Clemson Univ,US,4,600,221.8,489,29,4.550,72.25,10,5.191,50.84
2019,MIS,41,Grand Valley State Univ,US,4,600,248.1,547,81,5.733,18.87,57,5.578,27.47
2019,MIS,42,Univ of Kentucky,US,4,600,237.7,524,45,4.769,60.35,78,5.958,8.81
2019,MIS,43,Minnesota State University - Mankato,US,1,450,170.1,375,75,5.341,33.91,45,5.468,33.61
2019,MIS,44,IPN - UPIITA,MX,4,600,255.4,563,,,,,,
2019,MIS,46,San Jose State University,US,3,675,197.3,435,30,4.552,72.16,7,5.085,58.19
2019,MIS,47,Ryerson Univ,CA,4,600,205.0,452,27,4.512,74.43,30,5.386,38.43
2019,MIS,48,Vaughn College of Aeronautics,US,4,600,,,,,,,,
2019,MIS,49,Univ of Louisiana - Lafayette,US,4,600,241.8,533,,,,92,9.897,3.50
2019,MIS,50,Univ of Michigan - Dearborn,US,2,500,201.8,445,,,,,,
2019,MIS,51,Universidad Simon Bolivar,VE,4,600,226.3,499,73,5.284,36.31,80,6.013,6.40
2019,MIS,52,Western Michigan Univ,US,4,600,215.0,474,32,4.558,71.77,48,5.521,30.61
2019,MIS,53,Ferris State University,US,1,475,,,,,,,,
2019,MIS,54,Michigan Tech Univ,US,2,500,228.2,503,60,5.093,44.65,13,5.248,47.07
2019,MIS,55,Rutgers Univ,US,1,450,166.9,368,63,5.156,41.85,40,5.465,33.78
2019,MIS,56,National Univ of Singapore,SQ,4,600,212.3,468,7,4.290,87.94,8,5.138,54.46
2019,MIS,58,Kennesaw State University,US,4,630,176.9,390,,,,,,
2019,MIS,59,Warsaw University of Technology,PL,4,600,,,,,,,,
2019,MIS,61,Queen's Univ,CA,4,600,,,,,,,,
2019,MIS,62,Univ of Minnesota - Twin Cities,US,4,600,203.2,448,23,4.486,75.95,20,5.303,43.55
2019,MIS,63,Washington Univ - St Louis,US,4,600,195.0,430,67,5.230,38.62,36,5.415,36.70
2019,MIS,64,Univ of Maryland - College Park,US,4,600,213.6,471,79,5.450,29.51,75,5.849,13.80
2019,MIS,65,Lehigh Univ,US,1,450,151.0,333,53,4.964,50.68,46,5.468,33.61
2019,MIS,66,Univ of Waterloo,CA,4,600,208.7,460,37,4.645,66.95,60,5.629,24.75
2019,MIS,67,Univ of Guelph,CA,4,600,203.7,449,47,4.784,59.60,66,5.739,19.11
2019,MIS,68,Penn State Univ - University Park,US,4,600,186.4,411,74,5.330,34.37,71,5.795,16.37
2019,MIS,69,Univ of Connecticut,US,4,600,204.6,451,6,4.280,88.55,31,5.411,36.94
2019,MIS,70,Penn State Univ - Harrisburg,US,4,600,243.1,536,17,4.433,79.07,72,5.795,16.37
2019,MIS,71,Univ of Puerto Rico-Mayaquez,US,4,600,218.6,482,39,4.666,65.83,38,5.421,36.35
2019,MIS,72,Florida International Univ,US,1,475,215.5,475,,,,88,6.140,3.50
2019,MIS,73,Louisiana State Univ,US,4,600,195.0,430,24,4.495,75.39,39,5.428,35.94
2019,MIS,74,Rochester Institute of Technology,US,1,450,193.2,426,,,,,,
2019,MIS,75,Old Dominion Univ,US,4,600,222.7,491,64,5.178,40.88,73,5.795,16.37
2019,MIS,76,Hope College,US,4,600,271.7,599,70,5.249,37.81,37,5.420,36.41
2019,MIS,77,Oakland University,US,4,600,214.5,473,46,4.771,60.28,53,5.576,27.58
2019,MIS,78,Temple Univ,US,4,600,205.0,452,51,4.918,52.87,85,6.068,4.06
2019,MIS,79,Georgia Southern Univ,US,4,600,198.2,437,21,4.473,76.70,17,5.302,43.61
2019,MIS,80,Virginia Tech,US,1,450,171.0,377,52,4.956,51.06,26,5.325,42.17
2019,MIS,81,Northwestern Univ,US,4,600,207.7,458,25,4.508,74.64,67,5.740,19.06
2019,MIS,82,Univ of North Florida,US,4,600,203.7,449,,,,,,
2019,MIS,83,Univ of British Columbia - Okanagan,CA,4,600,256.3,565,66,5.210,39.48,69,5.794,16.42
2019,MIS,84,Univ of Toronto,CA,1,450,165.1,364,69,5.239,38.22,43,5.467,33.67
2019,MIS,85,Wroclaw University of Technology,PL,4,600,188.2,415,14,4.352,84.04,16,5.301,43.67
2019,MIS,86,Wayne State Univ,US,4,600,197.3,435,19,4.459,77.54,21,5.303,43.55
2019,MIS,87,California State Poly Univ - Pomona,US,4,600,,,,,,,,
2019,MIS,88,The Ohio State University,US,4,600,200.0,441,35,4.626,67.99,61,5.631,24.64
2019,MIS,89,Tennessee Tech Univ,US,2,590,156.5,345,54,4.971,50.32,62,5.633,24.54
2019,MIS,90,Coburg University of Applied Sciences,DE,4,600,181.9,401,2,4.146,97.49,3,4.975,66.31
2019,MIS,91,Georgia Institute of Technology,US,4,600,217.3,479,48,4.791,59.21,49,5.521,30.61
2019,MIS,92,Univ of Victoria,CA,4,600,211.4,466,55,4.972,50.27,22,5.303,43.55
2019,MIS,93,Universite Du Quebec a Trois-Rivieres,CA,4,600,210.9,465,,,,,,
2019,MIS,94,Saginaw Valley State Univ,US,4,600,204.6,451,15,4.413,80.31,23,5.303,43.55
2019,MIS,95,Univ of Louisville,US,4,600,,,,,,,,
2019,MIS,96,Central Michigan Univ,US,4,600,,,,,,,,
2019,MIS,97,Washington State Univ,US,4,650,251.7,555,,,,,,
2019,MIS,98,Universidad Metropolitana,VE,4,600,254.5,561,,,,82,6.014,6.36
2019,MIS,99,York College of Pennsylvania,US,2,450,182.8,403,59,5.083,45.13,76,5.849,13.80
2019,MIS,100,Clarkson University,US,4,630,219.1,483,62,5.143,42.43,68,5.740,19.06
2019,MIS,101,Mississippi State Univ,US,2,470,210.0,463,89,18.457,4.50,91,8.308,3.50
2019,MIS,102,Lawrence Technological Univ,US,4,600,249.0,549,31,4.553,72.07,79,5.960,8.72
2019,MIS,103,Texas Tech Univ,US,1,450,195.5,431,,,,86,6.123,3.50
2019,MIS,104,South Dakota School of Mines & Tech,US,1,690,212.7,469,,,,,,
2019,MIS,105,Worcester Polytechnic Inst,US,1,450,188.7,416,58,5.080,45.25,70,5.794,16.42
2019,MIS,106,Kettering Univ,US,1,450,155.6,343,,,,,,
2019,MIS,107,Univ of South Florida,US,4,600,198.2,437,13,4.332,85.30,29,5.367,39.58
2019,MIS,108,Colorado Mesa University,US,4,600,225.9,498,82,5.735,18.79,81,6.013,6.40
2019,MIS,109,US Air Force Academy,US,1,450,210.5,464,78,5.447,29.65,65,5.693,21.43
2019,MIS,110,US Naval Academy,US,2,500,210.9,465,,,,,,
2019,MIS,111,Lakehead Univ,CA,4,600,247.2,545,61,5.098,44.42,87,6.123,3.50
2019,MIS,112,Alabama A & M Univ,US,4,600,,,,,,,,
2019,MIS,113,Dalhousie Univ,CA,1,450,167.8,370,65,5.187,40.46,54,5.576,27.58
2019,MIS,114,Binghamton Univ,US,4,600,299.8,661,83,5.738,18.68,84,6.028,5.76
2019,MIS,115,Univ of British Columbia,CA,4,600,204.6,451,16,4.421,79.77,32,5.411,36.94
2019,MIS,116,West Virginia Univ,US,1,450,,,,,,,,
2019,MIS,117,Columbia Univ,US,4,600,226.8,500,72,5.268,36.99,64,5.685,21.84
2019,MIS,118,Cooper Union,US,4,600,213.2,470,,,,,,
2019,MIS,119,Duke Univ,US,2,690,191.4,422,68,5.231,38.57,25,5.305,43.42
2019,MIS,120,Universidad Autonoma Estado Mexico,MX,1,440,240.0,529,,,,,,
2019,MIS,122,Florida Atlantic Univ,US,4,600,222.7,491,40,4.676,65.30,74,5.795,16.37
2019,MIS,123,Villanova Univ,US,4,600,192.8,425,5,4.265,89.54,50,5.522,30.55
2019,MIS,124,Univ of Nebraska - Lincoln,US,4,635,210.5,464,44,4.739,61.95,58,5.584,27.15
2019,MIS,125,South Dakota State Univ,US,4,600,211.8,467,71,5.255,37.52,83,6.015,6.32
2019,MIS,126,Univ of Kansas - Lawrence,US,4,600,210.9,465,38,4.646,66.92,77,5.852,13.65
2019,MIS,129,California State Univ - Fullerton,US,2,690,,,,,,,,
2019,MIS,131,Polytechnic Univ of Puerto Rico,US,4,600,323.0,712,84,5.847,14.86,,,
2019,MIS,132,Univ of Pittsburgh - Pittsburgh,US,4,600,212.7,469,77,5.389,31.97,28,5.358,40.13
2019,MIS,139,CEFET-MG,BR,4,600,209.1,461,41,4.697,64.15,24,5.303,43.55
2018,MIS,1,Universitat Stuttgart,DE,4,600,181.4,400,28,4.803,73.00,13,5.580,45.65
2018,MIS,2,Oregon State Univ,US,1,450,139.3,307,7,4.435,94.49,1,4.943,75.00
2018,MIS,3,Graz Technical Univ,AT,1,510,156.0,344,49,5.084,58.64,2,5.305,57.03
2018,MIS,5,Univ of Michigan - Ann Arbor,US,4,600,190.5,420,48,5.079,58.90,5,5.430,51.64
2018,MIS,6,San Jose State University,US,3,675,198.7,438,46,5.075,59.10,70,6.398,20.04
2018,MIS,7,Univ of Minnesota - Twin Cities,US,4,600,211.8,467,42,5.013,62.13,8,5.457,50.53
2018,MIS,8,Cornell Univ,US,4,600,185.5,409,19,4.678,79.91,9,5.471,49.96
2018,MIS,9,Rochester Institute of Technology,US,1,450,156.5,345,32,4.836,71.19,39,5.961,32.41
2018,MIS,10,Univ of Wisconsin - Madison,US,1,450,155.6,343,35,4.911,67.28,34,5.907,34.13
2018,MIS,11,Colorado Mesa University,US,4,600,220.0,485,85,5.991,21.54,85,6.790,10.92
2018,MIS,15,Univ of Evansville,US,1,570,198.7,438,88,6.455,6.58,46,6.071,29.05
2018,MIS,16,Michigan State Univ,US,4,600,188.2,415,24,4.757,75.47,26,5.761,39.03
2018,MIS,17,Purdue Univ - Northwest,US,4,600,207.7,458,,,,,,
2018,MIS,18,Ecole De Technologie Superieure,CA,1,450,147.0,324,15,4.634,82.46,28,5.797,37.79
2018,MIS,19,Kettering Univ,US,1,450,147.0,324,,,,,,
2018,MIS,20,Ryerson Univ,US,4,600,205.5,453,74,5.551,38.01,78,6.617,14.75
2018,MIS,21,Rensselaer Polytechnic Inst,US,4,600,198.7,438,34,4.876,69.12,37,5.913,33.94
2018,MIS,22,Rose Hulman Inst of Tech,US,1,450,174.2,384,,,,59,6.216,24.88
2018,MIS,23,Old Dominion Univ,US,4,600,,,,,,,,
2018,MIS,24,Tennessee Tech Univ,US,2,700,188.2,415,92,7.057,4.50,,,
2018,MIS,25,Lehigh Univ,US,1,450,163.7,361,68,5.366,45.74,57,6.193,25.52
2018,MIS,26,Univ of Toronto,CA,1,450,178.7,394,78,5.663,33.59,67,6.344,21.44
2018,MIS,27,Univ of Florida,US,4,600,197.8,436,,,,96,9.735,3.50
2018,MIS,29,York College of Pennsylvania,US,2,450,168.7,372,77,5.567,37.39,31,5.868,35.41
2018,MIS,30,Michigan Tech Univ,US,2,450,191.4,422,27,4.780,74.25,33,5.905,34.20
2018,MIS,31,Auburn Univ,US,4,600,174.2,384,66,5.340,46.88,19,5.690,41.55
2018,MIS,32,Grand Valley State Univ,US,4,600,235.0,518,62,5.326,47.52,43,6.038,30.04
2018,MIS,34,Univ of Missouri,US,4,600,202.3,446,12,4.549,87.48,12,5.578,45.73
2018,MIS,35,Univ of Pittsburgh - Pittsburgh,US,4,600,205.5,453,,,,,,
2018,MIS,36,Louisiana State Univ,US,4,600,186.9,412,5,4.387,97.57,49,6.124,27.49
2018,MIS,37,Univ of Illinois - Urbana Champaign,US,4,600,205.5,453,44,5.039,60.82,81,6.726,12.30
2018,MIS,38,Univ of Central Florida,US,4,635,212.7,469,61,5.319,47.81,75,6.455,18.61
2018,MIS,39,Univ of Toledo,US,1,450,180.1,397,81,5.785,28.93,10,5.523,47.87
2018,MIS,40,Washington Univ - St Louis,US,4,600,208.7,460,57,5.231,51.77,55,6.182,25.83
2018,MIS,41,Penn State Univ - University Park,US,4,600,196.0,432,18,4.677,79.97,21,5.730,40.12
2018,MIS,42,Brown Univ,US,4,600,206.4,455,13,4.560,86.80,80,6.678,13.36
2018,MIS,43,US Air Force Academy,US,1,450,216.4,477,86,6.209,14.22,79,6.637,14.29
2018,MIS,44,Clemson Univ,US,4,600,,,,,,,,
2018,MIS,45,Univ of Maryland - College Park,US,4,600,209.6,462,96,8.684,4.50,93,7.580,3.50
2018,MIS,46,Universidad Simon Bolivar,VE,4,600,219.5,484,41,5.012,62.18,76,6.506,17.36
2018,MIS,47,Lawrence Technological Univ,US,4,600,238.6,526,60,5.289,49.15,84,6.780,11.13
2018,MIS,48,Georgia Institute of Technology,US,4,600,217.3,479,43,5.037,60.94,44,6.070,29.08
2018,MIS,49,Carleton Univ,CA,1,450,151.0,333,40,4.990,63.27,6,5.438,51.31
2018,MIS,50,Clarkson University,US,4,635,230.9,509,58,5.231,51.76,50,6.124,27.49
2018,MIS,51,Concordia University,US,4,600,229.5,506,,,,,,
2018,MIS,52,Virginia Tech,US,1,450,163.3,360,55,5.219,52.32,40,5.962,32.38
2018,MIS,53,Georgia Southern Univ,US,4,600,203.7,449,10,4.541,87.98,64,6.290,22.86
2018,MIS,54,Univ of Guelph,CA,4,600,205.5,453,14,4.630,82.65,38,5.955,32.60
2018,MIS,55,Western University,CA,4,600,217.7,480,63,5.336,47.04,56,6.182,25.83
2018,MIS,56,South Dakota School of Mines & Tech,US,1,450,197.3,435,,,,,,
2018,MIS,57,Florida International Univ,US,1,475,176.9,390,79,5.727,31.10,77,6.616,14.77
2018,MIS,58,Univ of British Columbia,CA,4,600,203.2,448,9,4.477,91.87,15,5.633,43.65
2018,MIS,59,Kookmin Univ,KR,4,600,205.0,452,3,4.365,99.05,63,6.288,22.92
2018,MIS,60,US Naval Academy,US,2,500,220.4,486,26,4.773,74.62,30,5.852,35.94
2018,MIS,62,North Carolina State Univ - Raleigh,US,4,600,209.6,462,76,5.566,37.42,54,6.179,25.91
2018,MIS,63,Univ of Hartford,US,1,450,178.3,393,80,5.767,29.59,71,6.398,20.04
2018,MIS,64,Polytechnique Montréal,CA,1,450,174.2,384,16,4.649,81.58,4,5.326,56.10
2018,MIS,66,Florida Atlantic Univ,US,4,600,216.4,477,72,5.473,41.23,68,6.353,21.20
2018,MIS,67,Univ of Connecticut,US,4,600,201.8,445,4,4.372,98.55,18,5.689,41.59
2018,MIS,68,Florida Inst of Tech,US,4,600,231.3,510,,,,,,
2018,MIS,69,Univ of Saskatchewan,CA,4,600,237.7,524,53,5.190,53.63,29,5.797,37.79
2018,MIS,70,St Cloud State Univ,US,2,650,232.7,513,69,5.378,45.26,86,6.837,9.93
2018,MIS,71,Univ of Alabama - Tuscaloosa,US,4,600,179.6,396,23,4.747,76.02,35,5.907,34.13
2018,MIS,72,Wayne State Univ,US,4,600,199.6,440,11,4.548,87.53,48,6.073,28.99
2018,MIS,73,Univ of Akron,US,1,450,174.2,384,51,5.118,57.03,27,5.796,37.83
2018,MIS,74,Columbia Univ,US,4,600,201.8,445,65,5.338,46.97,,,
2018,MIS,75,Universidad Politecnica de Valencia,ES,4,600,204.1,450,33,4.849,70.52,3,5.321,56.32
2018,MIS,76,Universite de Sherbrooke,CA,2,500,196.9,434,54,5.218,52.36,92,7.447,3.50
2018,MIS,77,Univ of Michigan - Dearborn,US,2,500,200.9,443,75,5.561,37.61,73,6.400,19.99
2018,MIS,78,Embry-Riddle Aero Univ - Daytona Beach,US,4,600,218.6,482,20,4.701,78.62,74,6.400,19.99
2018,MIS,79,Univ of North Carolina - Charlotte,US,1,510,225.4,497,45,5.062,59.72,61,6.238,24.27
2018,MIS,80,National Univ of Singapore,SG,4,600,202.8,447,6,4.412,95.99,24,5.743,39.66
2018,MIS,81,Lakehead Univ,CA,4,600,246.8,544,,,,83,6.727,12.28
2018,MIS,82,Minnesota State University - Mankato,US,1,450,174.6,385,73,5.482,40.83,89,7.110,4.56
2018,MIS,83,Univ of New Hampshire,US,1,450,171.5,378,,,,,,
2018,MIS,84,Worcester Polytechnic Inst,US,1,450,183.7,405,64,5.337,47.00,16,5.675,42.10
2018,MIS,85,Texas Tech Univ,US,1,650,200.0,441,94,7.802,4.50,90,7.200,3.50
2018,MIS,86,California State Poly Univ - Pomona,US,4,600,201.4,444,1,4.350,100.00,20,5.698,41.27
2018,MIS,87,Washington State Univ,US,4,600,235.9,520,93,7.487,4.50,69,6.367,20.84
2018,MIS,88,Cegep du Vieux - Montreal,CA,4,600,198.2,437,21,4.732,76.88,66,6.343,21.46
2018,MIS,89,Cooper Union,US,4,600,195.5,431,95,8.022,4.50,,,
2018,MIS,91,Univ of North Florida,US,4,600,210.9,465,52,5.138,56.05,60,6.235,24.35
2018,MIS,92,Univ of Cincinnati,US,1,475,173.3,382,47,5.078,58.94,53,6.155,26.60
2018,MIS,93,Kansas State Univ,US,3,675,,,,,,,,
2018,MIS,94,Ferris State University,US,4,600,234.5,517,82,5.787,28.85,72,6.398,20.04
2018,MIS,96,Bradley Univ,US,2,500,227.2,501,,,,,,
2018,MIS,97,Dalhousie Univ,CA,1,450,163.7,361,,,,,,
2018,MIS,98,Purdue Univ - W Lafayette,US,4,600,197.8,436,59,5.235,51.56,25,5.743,39.66
2018,MIS,99,Villanova Univ,US,4,600,192.8,425,8,4.439,94.24,22,5.739,39.81
2018,MIS,101,Central Michigan Univ,US,4,600,227.7,502,67,5.345,46.68,32,5.873,35.24
2018,MIS,102,Technical Univ of Munich,DE,1,510,152.4,336,50,5.105,57.63,14,5.588,45.34
2018,MIS,103,Universite Du Quebec-Chicoutimi,CA,2,500,224.5,495,91,6.913,4.50,45,6.070,29.08
2018,MIS,104,Saginaw Valley State Univ,US,4,600,204.6,451,36,4.935,66.06,41,5.967,32.22
2018,MIS,105,Oakland University,US,4,600,215.0,474,,,,,,
2018,MIS,106,Mississippi State Univ,US,4,600,260.8,575,90,6.897,4.50,91,7.373,3.50
2018,MIS,107,Rutgers Univ,US,1,450,184.6,407,37,4.947,65.43,17,5.686,41.70
2018,MIS,108,Northwestern Univ,US,4,600,212.3,468,83,5.884,25.31,95,8.423,3.50
2018,MIS,109,AGH Univ of Science and Technology,PL,4,600,201.8,445,25,4.762,75.24,7,5.438,51.31
2018,MIS,110,Universidad Autonoma Estado Mexico,MX,1,450,223.2,492,,,,,,
2018,MIS,111,Duke Univ,US,4,600,187.8,414,89,6.490,5.55,51,6.124,27.49
2018,MIS,112,Western Michigan Univ,US,4,600,221.8,489,87,6.214,14.07,88,6.943,7.77
2018,MIS,114,Bialystok University of Technology,PL,4,600,197.3,435,31,4.831,71.49,23,5.741,39.73
2018,MIS,115,Univ of Victoria,CA,4,600,224.5,495,30,4.811,72.57,62,6.250,23.94
2018,MIS,117,Penn State Univ - Harrisburg,US,4,600,239.5,528,22,4.745,76.16,42,6.016,30.71
2018,MIS,118,Alabama A & M Univ,US,4,600,230.0,507,71,5.417,43.56,87,6.898,8.67
2018,MIS,119,Univ of Manitoba,CA,4,600,224.5,495,,,,,,
2018,MIS,121,The Ohio State University,US,4,600,189.6,418,29,4.806,72.83,82,6.726,12.30
2018,MIS,122,Univ of Waterloo,US,4,600,218.6,482,17,4.653,81.36,36,5.907,34.13
2018,MIS,123,Univ of Minnesota-Duluth,US,1,625,,,,,,,,
2018,MIS,124,Temple Univ,US,4,600,217.3,479,70,5.407,44.01,65,6.292,22.81
2018,MIS,126,Univ of Nebraska - Lincoln,US,4,635,211.4,466,56,5.230,51.81,47,6.072,29.02
2018,MIS,127,Univ of Kansas - Lawrence,US,4,600,222.7,491,,,,,,
2018,MIS,128,South Dakota State Univ,US,4,600,223.2,492,84,5.941,23.29,94,7.646,3.50
2018,MIS,129,Missouri University of Science and Tech,US,4,600,202.8,447,2,4.355,99.69,11,5.525,47.79
2018,MIS,132,Universidad Nacional Autónoma de México,MX,4,600,205.9,454,,,,,,
2018,MIS,134,California State Univ - Fullerton,US,2,680,210.9,465,,,,,,
2018,MIS,135,Univ of South Florida,US,4,600,210.9,465,39,4.988,63.36,58,6.197,25.41
2018,MIS,136,Faculdade de Engenharia de Sorocaba,BR,4,600,207.7,458,38,4.958,64.88,52,6.126,27.43
2017,MIS,1,Universitat Stuttgart,GER,4,600,185,408,19,4.407,81.49,10,5.053,56.66
2017,MIS,2,Graz Technical Univ,AUT,1,510,156,345,32,4.535,73.90,4,4.975,62.36
2017,MIS,3,U A S Graz,AUT,2,600,217,478,21,4.427,80.24,6,5.044,57.31
2017,MIS,4,Oregon State Univ,USA,1,450,134,296,14,4.310,87.52,1,4.814,75.00
2017,MIS,5,Michigan State Univ,USA,4,600,186,411,2,4.138,98.88,11,5.083,54.54
2017,MIS,6,Univ of Wisconsin - Madison,USA,1,450,164,362,36,4.593,70.60,20,5.208,46.09
2017,MIS,7,Missouri University of Science and Tech,USA,4,600,192,424,17,4.368,83.89,2,4.966,63.03
2017,MIS,8,Univ of Michigan - Dearborn,USA,2,500,,,,,,,,
2017,MIS,9,Univ of Florida,USA,4,600,201,444,11,4.256,90.96,25,5.278,41.62
2017,MIS,11,Universidade de Sao Paulo,BRA,1,450,210,462,72,5.104,44.86,21,5.210,45.96
2017,MIS,13,Technical Univ of Munich,GER,1,560,160,353,33,4.578,71.49,3,4.966,63.03
2017,MIS,14,Florida Atlantic Univ,USA,4,600,217,478,30,4.529,74.26,68,5.758,15.23
2017,MIS,15,Univ of Alabama - Tuscaloosa,USA,4,600,187,412,9,4.247,91.58,64,5.732,16.50
2017,MIS,16,San Jose State University,USA,3,675,197,434,5,4.156,97.66,12,5.085,54.40
2017,MIS,17,Auburn Univ,USA,2,690,,,,,,,,
2017,MIS,18,Univ of Illinois - Chicago,USA,4,600,209,460,,,,86,6.208,3.50
2017,MIS,19,Mississippi State Univ,USA,4,600,236,520,71,5.088,45.61,94,7.289,3.50
2017,MIS,20,Minnesota State University - Mankato,USA,1,450,195,429,66,4.957,51.75,27,5.299,40.32
2017,MIS,21,Brown Univ,USA,4,600,201,443,12,4.263,90.53,83,6.088,3.50
2017,MIS,22,Villanova Univ,USA,4,600,205,451,10,4.248,91.54,42,5.413,33.49
2017,MIS,23,Univ of Missouri,USA,4,600,230,508,20,4.410,81.31,45,5.453,31.19
2017,MIS,24,Purdue Univ - Northwest,USA,4,600,263,580,92,7.661,4.50,88,6.311,3.50
2017,MIS,25,Michigan Tech Univ,USA,2,500,195,429,38,4.607,69.82,53,5.584,24.02
2017,MIS,26,Columbia Univ,USA,4,600,,,,,,,,
2017,MIS,27,South Dakota School of Mines & Tech,USA,1,450,202,446,82,5.395,32.41,78,5.874,9.81
2017,MIS,29,Washington Univ - St Louis,USA,4,600,215,474,23,4.457,78.47,67,5.750,15.62
2017,MIS,30,Lehigh Univ,USA,1,450,182,401,93,8.142,4.50,87,6.240,3.50
2017,MIS,31,Univ of Louisiana - Lafayette,USA,4,600,240,530,91,6.523,4.50,85,6.195,3.50
2017,MIS,32,Louisiana State Univ,USA,4,600,209,461,39,4.609,69.76,38,5.385,35.13
2017,MIS,33,Univ of Maryland - College Park,USA,4,600,203,447,62,4.885,55.24,59,5.647,20.74
2017,MIS,34,Grand Valley State Univ,USA,4,600,258,569,65,4.905,54.27,80,5.935,7.08
2017,MIS,35,York College of Pennsylvania,USA,2,450,193,425,81,5.383,32.91,66,5.739,16.15
2017,MIS,36,Colorado Mesa University,USA,4,600,239,528,,,,,,
2017,MIS,37,Univ of British Columbia,CAN,4,600,203,447,15,4.316,87.14,22,5.214,45.70
2017,MIS,38,Rensselaer Polytechnic Inst,USA,4,600,191,421,46,4.679,65.90,57,5.627,21.77
2017,MIS,39,Western Michigan Univ,USA,4,636,210,464,35,4.591,70.75,54,5.587,23.86
2017,MIS,40,Univ of North Florida,USA,4,600,215,474,61,4.853,56.84,40,5.398,34.36
2017,MIS,41,Lawrence Technological Univ,USA,4,600,233,513,51,4.756,61.83,46,5.462,30.68
2017,MIS,42,Western University,CAN,4,600,225,495,50,4.743,62.48,28,5.300,40.26
2017,MIS,43,Georgia Institute of Technology,USA,4,600,,,,,,,,
2017,MIS,44,Univ of Guelph,CAN,4,600,219,482,56,4.778,60.68,74,5.853,10.76
2017,MIS,45,St Cloud State Univ,USA,2,650,258,568,,,,,,
2017,MIS,46,US Naval Academy,USA,2,500,200,441,34,4.581,71.30,76,5.869,10.03
2017,MIS,47,National Univ of Singapore,SIN,4,600,209,461,7,4.181,95.97,18,5.193,47.08
2017,MIS,48,Univ of Connecticut,USA,4,600,215,474,18,4.382,82.99,43,5.434,32.28
2017,MIS,49,Univ of Illinois - Urbana Champaign,USA,4,600,197,434,8,4.241,91.96,14,5.087,54.26
2017,MIS,50,Rutgers Univ,USA,1,450,186,411,64,4.899,54.55,37,5.339,37.87
2017,MIS,51,Carleton Univ,CAN,1,450,163,360,25,4.477,77.31,7,5.050,56.88
2017,MIS,52,Univ of Minnesota-Duluth,USA,1,570,202,445,73,5.106,44.79,58,5.638,21.20
2017,MIS,53,Univ of Toledo,USA,1,450,180,396,,,,,,
2017,MIS,54,Univ of Kansas - Lawrence,USA,4,600,207,456,24,4.467,77.87,56,5.605,22.91
2017,MIS,55,Tennessee Tech Univ,USA,2,700,203,447,86,5.738,19.32,41,5.411,33.60
2017,MIS,56,Univ of South Florida,USA,1,450,182,401,,,,,,
2017,MIS,57,Univ of Victoria,CAN,4,600,219,483,43,4.644,67.79,33,5.309,39.70
2017,MIS,58,Universite de Sherbrooke,CAN,2,500,203,447,41,4.619,69.15,60,5.651,20.54
2017,MIS,59,Purdue Univ - W Lafayette,USA,4,600,224,493,26,4.490,76.52,65,5.734,16.40
2017,MIS,60,The Ohio State University,USA,4,600,203,447,22,4.431,80.01,13,5.085,54.40
2017,MIS,61,Northwestern Univ,USA,2,470,207,456,,,,,,
2017,MIS,62,Cooper Union,USA,4,600,222,490,58,4.812,58.91,91,6.436,3.50
2017,MIS,63,McGill Univ,CAN,1,450,,,,,,,,
2017,MIS,64,Penn State Univ - Harrisburg,USA,1,686,279,615,,,,,,
2017,MIS,65,Univ of Akron,USA,1,450,170,375,37,4.605,69.93,39,5.389,34.89
2017,MIS,66,Dalhousie Univ,CAN,1,450,,,,,,,,
2017,MIS,67,Rochester Institute of Technology,USA,1,450,166,366,29,4.521,74.74,5,4.996,60.80
2017,MIS,69,Univ of Pittsburgh - Pittsburgh,USA,4,600,220,486,42,4.622,69.01,29,5.300,40.26
2017,MIS,70,Universidad Metropolitana,VEN,4,600,286,631,,,,70,5.822,12.20
2017,MIS,71,Temple Univ,USA,4,600,219,483,55,4.775,60.83,90,6.361,3.50
2017,MIS,72,Saginaw Valley State Univ,USA,4,600,204,449,6,4.163,97.16,23,5.218,45.45
2017,MIS,73,Embry-Riddle Aero Univ - Daytona Beach,USA,4,600,231,509,77,5.215,39.94,49,5.531,26.86
2017,MIS,75,Univ of New Brunswick,CAN,4,600,,,,,,,,
2017,MIS,76,Univ of Hartford,USA,1,450,182,401,83,5.397,32.34,48,5.512,27.90
2017,MIS,77,Rose Hulman Inst of Tech,USA,1,450,166,367,60,4.848,57.08,62,5.668,19.68
2017,MIS,78,Polytechnique Montréal,CAN,1,450,178,392,57,4.793,59.90,31,5.304,40.01
2017,MIS,79,Univ of New Hampshire,USA,1,450,168,371,67,4.968,51.21,50,5.555,25.56
2017,MIS,80,Ryerson Univ,CAN,4,600,217,479,49,4.736,62.88,52,5.583,24.07
2017,MIS,81,Virginia Tech,USA,1,450,166,365,54,4.774,60.87,17,5.138,50.75
2017,MIS,82,Univ of Cincinnati,USA,1,480,180,396,52,4.758,61.68,30,5.300,40.26
2017,MIS,83,Kookmin Univ,KOR,4,600,217,478,16,4.342,85.49,8,5.050,56.88
2017,MIS,84,Univ of Toronto,CAN,1,450,171,378,53,4.774,60.87,35,5.316,39.27
2017,MIS,85,Univ of Kentucky,USA,4,600,229,504,79,5.315,35.68,,,
2017,MIS,86,Indiana Univ Purdue Univ Indianapolis,USA,4,600,199,438,63,4.887,55.15,73,5.849,10.95
2017,MIS,87,West Virginia Univ,USA,1,450,207,457,88,5.989,10.69,79,5.890,9.08
2017,MIS,88,Ecole De Technologie Superieure,CAN,1,430,133,293,13,4.301,88.06,16,5.109,52.73
2017,MIS,89,Lakehead Univ,CAN,4,600,257,567,,,,,,
2017,MIS,90,Univ of Massachusetts - Lowell,USA,4,600,292,644,,,,,,
2017,MIS,91,Saint Louis Univ,USA,4,600,349,769,94,8.877,4.50,,,
2017,MIS,92,Kansas State Univ,USA,3,675,225,497,84,5.416,31.57,84,6.164,3.50
2017,MIS,93,US Air Force Academy,USA,1,450,207,456,69,5.065,46.64,69,5.763,14.99
2017,MIS,94,Stevens Inst of Tech,USA,4,600,274,605,70,5.079,46.00,61,5.665,19.83
2017,MIS,96,Universite Du Quebec a Trois-Rivieres,CAN,4,600,202,446,44,4.650,67.46,32,5.304,40.01
2017,MIS,97,Kettering Univ,USA,1,450,168,370,28,4.519,74.82,36,5.316,39.27
2017,MIS,98,Univ of Puerto Rico-Mayaquez,USA,4,600,228,503,76,5.207,40.30,75,5.853,10.76
2017,MIS,99,Cornell Univ,USA,4,600,186,411,1,4.122,100.00,26,5.293,40.69
2017,MIS,100,Univ of British Columbia - Okangan,CAN,4,600,312,688,68,5.009,49.29,89,6.313,3.50
2017,MIS,101,North Dakota State Univ,USA,1,510,251,554,85,5.504,28.05,92,6.728,3.50
2017,MIS,102,Duke Univ,USA,4,600,199,438,45,4.665,66.65,34,5.310,39.64
2017,MIS,103,Univ of Central Florida,USA,4,635,215,475,74,5.190,41.03,15,5.103,53.15
2017,MIS,104,Univ of Evansville,USA,1,570,229,505,87,5.862,14.96,55,5.590,23.70
2017,MIS,105,Univ of Minnesota - Twin Cities,USA,4,600,212,467,40,4.617,69.30,9,5.051,56.80
2017,MIS,106,Universidad Autonoma Estado Mexico,MEX,1,440,230,506,,,,,,
2017,MIS,107,Universidad Central de Venezuela,VEN,1,450,,,,,,,,
2017,MIS,108,Washington State Univ,USA,4,600,233,514,90,6.295,4.50,81,5.937,6.99
2017,MIS,109,Clemson Univ,USA,4,600,219,483,75,5.206,40.33,77,5.871,9.94
2017,MIS,110,Univ of Manitoba,CAN,4,600,215,475,80,5.342,34.55,71,5.822,12.20
2017,MIS,111,Univ of Michigan - Ann Arbor,USA,4,600,196,433,4,4.153,97.84,24,5.235,44.35
2017,MIS,112,Ferris State University,USA,4,600,229,504,89,6.221,4.50,82,6.001,4.22
2017,MIS,113,Central Michigan Univ,USA,4,600,225,495,27,4.492,76.41,72,5.827,11.97
2017,MIS,114,Florida Inst of Tech,USA,4,600,235,519,59,4.825,58.24,93,6.765,3.50
2017,MIS,115,Universidad Simon Bolivar,VEN,4,600,235,518,47,4.694,65.08,63,5.676,19.27
2017,MIS,116,South Dakota State Univ,USA,4,600,,,,,,,,
2017,MIS,117,Texas Tech Univ,USA,1,650,198,436,,,,,,
2017,MIS,118,Bradley Univ,USA,2,500,,,,,,,,
2017,MIS,120,Oakland University,USA,4,600,239,527,,,,,,
2017,MIS,121,Texas State University-San Marcos,USA,3,675,,,,,,,,
2017,MIS,122,Penn State Univ - University Park,USA,4,600,207,456,48,4.730,63.20,44,5.443,31.76
2017,MIS,123,Queen's Univ - Ontario Canada,CAN,4,600,230,507,78,5.235,39.09,47,5.495,28.84
2017,MIS,124,North Carolina State Univ - Raleigh,USA,4,600,205,452,31,4.532,74.10,19,5.193,47.08
2017,MIS,125,Univ of Nebraska - Lincoln,USA,4,636,208,459,,,,,,
2017,MIS,126,Univ of Waterloo,CAN,4,600,204,449,3,4.141,98.66,51,5.558,25.40
2017,MIS,128,Cegep du Vieux - Montreal,CAN,4,600,,,,,,,,
2016,MIS,1,Oregon State Univ,US,1,450,147,325,16,4.354,60.77,2,4.735,48.83
2016,MIS,2,Univ of Florida,US,4,600,202,445,8,4.279,64.27,34,5.268,23.72
2016,MIS,3,Graz Technical Univ,AT,1,500,164,362,20,4.403,58.54,6,4.932,38.60
2016,MIS,4,Kookmin Univ,KR,4,600,232,511,33,4.531,52.94,22,5.140,29.04
2016,MIS,5,Univ of Michigan - Ann Arbor,US,4,600,191,421,82,5.900,8.30,72,5.701,8.28
2016,MIS,6,Virginia Tech,US,1,450,174,384,45,4.643,48.30,13,5.033,33.81
2016,MIS,7,National Univ of Singapore,SG,4,600,210,463,53,4.739,44.50,12,5.026,34.13
2016,MIS,8,Univ of Michigan - Dearborn,US,2,500,200,441,15,4.352,60.86,8,4.973,36.62
2016,MIS,10,Western University,CA,4,600,222,489,,,,,,
2016,MIS,11,Polytechnique Montréal,CA,1,450,189,417,55,4.753,43.96,51,5.460,16.42
2016,MIS,12,FH - Joanneum Graz,AT,2,600,211,465,4,4.166,69.80,3,4.875,41.43
2016,MIS,13,Faculdade de Engenharia de Sorocaba,BR,4,600,243,536,37,4.570,51.30,43,5.367,19.86
2016,MIS,14,Universitat Stuttgart,DE,4,600,176,388,14,4.349,61.00,1,4.714,50.00
2016,MIS,15,Univ of Wisconsin - Madison,US,1,600,177,390,31,4.514,53.67,21,5.117,30.04
2016,MIS,16,Missouri University of Science and Tech,US,4,600,207,457,49,4.679,46.86,16,5.054,32.85
2016,MIS,17,Universit Degli Studi Di Brescia,IT,2,550,196,432,58,4.778,43.00,52,5.473,15.95
2016,MIS,18,Florida Atlantic Univ,US,4,600,221,487,9,4.306,63.00,49,5.446,16.92
2016,MIS,19,Texas Tech Univ,US,1,450,195,430,74,5.208,27.93,54,5.478,15.77
2016,MIS,20,Univ of Kansas - Lawrence,US,4,600,219,483,51,4.717,45.36,76,5.756,6.57
2016,MIS,21,Univ of Victoria,CA,4,600,230,508,29,4.459,56.05,75,5.733,7.28
2016,MIS,22,Univ of New Hampshire,US,1,450,206,454,77,5.477,19.71,81,5.792,5.47
2016,MIS,23,Michigan State Univ,US,4,600,194,427,1,4.065,75.00,14,5.045,33.26
2016,MIS,25,Central Michigan Univ,US,4,600,246,543,32,4.521,53.37,74,5.725,7.53
2016,MIS,26,Univ of Central Florida,US,4,600,210,463,44,4.633,48.71,39,5.337,21.00
2016,MIS,27,Lafayette College,US,1,450,223,492,78,5.644,15.00,96,7.349,2.50
2016,MIS,29,West Virginia Univ,US,1,450,191,420,,,,38,5.304,22.29
2016,MIS,30,Universite Du Quebec a Trois-Rivieres,CA,4,600,197,434,,,,77,5.768,6.20
2016,MIS,32,Univ of Maryland - College Park,US,4,600,229,504,67,4.913,37.98,53,5.474,15.92
2016,MIS,33,Ferris State University,US,4,600,230,507,,,,91,6.586,2.50
2016,MIS,34,Louisiana State Univ,US,4,600,202,445,35,4.567,51.43,31,5.211,26.04
2016,MIS,35,Universidad Metropolitana,VE,4,600,,,,,,,,
2016,MIS,36,Turabo Univ,US,4,600,268,590,,,,,,
2016,MIS,37,Penn State Univ - University Park,US,4,600,220,485,25,4.427,57.46,20,5.111,30.30
2016,MIS,38,Univ of Puerto Rico-Mayaquez,US,,,,,,,,,,
2016,MIS,39,McGill Univ,CA,1,450,164,361,48,4.678,46.90,57,5.530,13.95
2016,MIS,40,Rose Hulman Inst of Tech,US,1,450,153,338,,,,36,5.279,23.28
2016,MIS,41,York College of Pa,US,2,450,,,,,,,,
2016,MIS,42,Univ of Pittsburgh - Pittsburgh,US,4,600,215,473,17,4.355,60.72,59,5.550,13.26
2016,MIS,43,California Polytechnic State Univ-SLO,US,1,450,188,414,68,4.928,37.44,55,5.516,14.43
2016,MIS,44,Clemson Univ,US,4,600,214,471,47,4.675,47.02,40,5.339,20.93
2016,MIS,45,Queen's Univ - Ontario Canada,CA,4,600,218,481,42,4.608,49.73,90,6.576,2.50
2016,MIS,46,Rensselaer Polytechnic Inst,US,4,600,197,434,,,,,,
2016,MIS,47,The Ohio State University,US,4,600,199,439,34,4.562,51.64,18,5.082,31.59
2016,MIS,48,Georgia Southern Univ,US,1,525,190,418,65,4.893,38.71,61,5.572,12.51
2016,MIS,49,Tennessee Tech Univ,US,2,600,216,476,73,5.164,29.36,50,5.454,16.64
2016,MIS,50,Lakehead Univ,CA,4,600,248,547,,,,80,5.789,5.56
2016,MIS,51,Purdue Univ - Calumet,US,4,600,283,623,83,6.187,3.50,85,5.981,2.50
2016,MIS,52,Univ of Minnesota - Twin Cities,US,4,600,214,471,28,4.452,56.36,9,4.984,36.10
2016,MIS,53,Brown Univ,US,4,600,209,460,,,,,,
2016,MIS,54,Oklahoma State Univ,US,1,450,171,377,,,,83,5.893,2.50
2016,MIS,55,Lawrence Technological Univ,US,2,450,190,419,,,,,,
2016,MIS,56,Univ of Saskatchewan,CA,4,600,203,447,,,,94,6.838,2.50
2016,MIS,57,US Naval Academy,US,2,500,206,454,40,4.582,50.80,88,6.275,2.50
2016,MIS,58,Worcester Polytechnic Inst,US,1,450,224,493,,,,79,5.783,5.74
2016,MIS,59,Univ of North Carolina - Charlotte,US,1,500,191,421,66,4.898,38.53,47,5.434,17.36
2016,MIS,60,Washington Univ - St Louis,US,4,600,218,480,23,4.413,58.09,71,5.694,8.50
2016,MIS,61,Rochester Institute of Technology,US,1,450,168,370,41,4.585,50.68,23,5.148,28.70
2016,MIS,62,Universite de Sherbrooke,CA,2,500,219,482,46,4.646,48.18,78,5.778,5.89
2016,MIS,63,Ryerson Univ,CA,4,600,209,460,,,,,,
2016,MIS,64,Mississippi State Univ,US,4,600,,,,,,,,
2016,MIS,65,US Air Force Academy,US,1,450,176,388,84,6.238,3.50,69,5.666,9.40
2016,MIS,66,Kettering Univ,US,1,450,176,388,59,4.787,42.65,44,5.388,19.06
2016,MIS,67,Purdue Univ - W Lafayette,US,4,600,209,461,,,,,,
2016,MIS,68,Hope College,US,4,600,312,688,76,5.438,20.85,58,5.547,13.36
2016,MIS,69,Kennesaw State University,US,4,600,176,389,64,4.887,38.93,17,5.081,31.63
2016,MIS,70,Univ of Evansville,US,1,570,,,,,,,,
2016,MIS,72,Univ of North Florida,US,4,600,211,465,,,,,,
2016,MIS,73,Florida International Univ,US,1,450,172,379,80,5.758,11.94,46,5.429,17.54
2016,MIS,74,Univ of Cincinnati,US,1,450,185,408,57,4.768,43.38,19,5.093,31.10
2016,MIS,75,Old Dominion Univ,US,4,600,236,521,,,,,,
2016,MIS,76,Univ of Alabama - Tuscaloosa,US,4,600,226,498,70,4.956,36.44,56,5.523,14.19
2016,MIS,77,Clarkson University,US,4,600,240,529,79,5.746,12.26,86,6.004,2.50
2016,MIS,78,North Carolina State Univ - Raleigh,US,4,600,230,507,18,4.377,59.71,29,5.193,26.79
2016,MIS,79,Villanova Univ,US,4,600,201,443,3,4.118,72.24,45,5.424,17.73
2016,MIS,80,Univ of Texas - Arlington,US,4,600,216,476,6,4.216,67.32,27,5.190,26.91
2016,MIS,81,Auburn Univ,US,4,600,191,421,2,4.103,73.01,10,5.015,34.64
2016,MIS,82,Cooper Union,US,4,600,205,451,63,4.872,39.48,66,5.638,10.31
2016,MIS,83,Univ of South Florida,US,1,450,167,368,26,4.440,56.89,68,5.649,9.95
2016,MIS,85,Concordia University,CA,4,600,232,512,30,4.506,54.01,25,5.187,27.04
2016,MIS,87,Univ of Missouri,US,4,600,212,467,54,4.743,44.34,35,5.268,23.72
2016,MIS,88,Université Laval,CA,4,600,183,404,11,4.317,62.48,37,5.301,22.41
2016,MIS,89,Univ of Utah,US,1,570,195,430,,,,,,
2016,MIS,90,Colorado Mesa University,US,4,600,240,530,,,,,,
2016,MIS,91,Georgia Institute of Technology,US,4,600,222,489,38,4.573,51.18,26,5.187,27.04
2016,MIS,92,Wayne State Univ,US,4,600,211,465,71,4.990,35.24,67,5.643,10.14
2016,MIS,93,Fachhochschule Hamburg,DE,4,600,205,453,13,4.330,61.88,11,5.017,34.55
2016,MIS,94,Florida Inst of Tech,US,4,600,243,536,43,4.613,49.52,92,6.587,2.50
2016,MIS,95,Columbia Univ,US,4,600,212,467,7,4.261,65.14,73,5.724,7.56
2016,MIS,96,Michigan Tech Univ,US,2,500,217,478,39,4.580,50.88,42,5.359,20.16
2016,MIS,97,Minnesota State University - Mankato,US,1,450,189,417,56,4.760,43.69,41,5.356,20.27
2016,MIS,98,Embry-Riddle Aero Univ - Daytona Beach,US,4,600,219,483,27,4.448,56.53,65,5.616,11.03
2016,MIS,99,Duke Univ,US,4,600,195,431,62,4.848,40.36,62,5.575,12.40
2016,MIS,100,Saginaw Valley State Univ,US,4,600,206,455,21,4.406,58.40,33,5.227,25.38
2016,MIS,101,Universidad Simon Bolivar,VE,4,600,231,509,75,5.285,25.49,28,5.192,26.83
2016,MIS,102,Rutgers Univ,US,1,450,196,432,,,,,,
2016,MIS,103,Southern Illinois Univ - Edwardville,US,4,600,,,,,,,,
2016,MIS,104,Univ of Illinois - Urbana Champaign,US,4,600,216,476,,,,,,
2016,MIS,105,Univ of Connecticut,US,4,600,205,452,19,4.392,59.03,63,5.580,12.24
2016,MIS,106,Lehigh Univ,US,1,450,,,,,,,,
2016,MIS,107,Univ of Minnesota-Duluth,US,1,570,209,461,72,5.079,32.18,89,6.278,2.50
2016,MIS,108,Univ of Hartford,US,1,450,186,409,,,,93,6.679,2.50
2016,MIS,109,Bradley Univ,US,2,500,223,492,,,,,,
2016,MIS,112,Universidad Autonoma Estado Mexico,MX,1,450,,,,,,95,6.926,2.50
2016,MIS,113,Univ of Guelph,CA,4,600,219,482,,,,97,7.472,2.50
2016,MIS,114,Universite Du Quebec-Chicoutimi,CA,2,500,205,452,69,4.939,37.05,82,5.861,3.42
2016,MIS,115,Cornell Univ,US,4,600,192,423,5,4.168,69.70,30,5.203,26.37
2016,MIS,116,Univ of Toledo,US,4,600,213,470,12,4.326,62.06,15,5.046,33.21
2016,MIS,117,Univ of Windsor,CA,1,450,,,,,,,,
2016,MIS,118,Univ of Waterloo,CA,4,600,211,465,81,5.767,11.71,84,5.915,2.50
2016,MIS,120,Univ of Toronto,CA,1,450,161,355,61,4.802,42.08,60,5.560,12.91
2016,MIS,121,Univ of Kentucky,US,4,600,241,531,36,4.567,51.43,87,6.077,2.50
2016,MIS,122,Univ of British Columbia,CA,4,600,235,518,10,4.310,62.81,32,5.214,25.92
2016,MIS,123,Kansas State Univ,US,1,450,192,423,85,6.321,3.50,64,5.608,11.30
2016,MIS,124,South Dakota State Univ,US,4,600,213,470,24,4.416,57.95,24,5.148,28.70
2016,MIS,127,Washington State Univ,US,4,600,275,606,,,,,,
2016,MIS,128,San Jose State University,US,4,600,196,432,50,4.707,45.75,5,4.896,40.38
2016,MIS,129,Carleton Univ,CA,1,450,166,367,,,,48,5.441,17.11
2016,MIS,130,Ecole De Technologie Superieure,CA,1,450,146,322,60,4.797,42.27,4,4.891,40.63
2016,MIS,132,Northwestern Univ,US,2,500,219,483,52,4.737,44.58,70,5.682,8.89
2016,MIS,138,Univ of Akron,US,1,450,158,348,22,4.407,58.36,7,4.952,37.63
2015,MIS,1,Oregon State Univ,US,1,450,156,345,20,4.546,54.57,26,5.817,21.00
2015,MIS,5,Univ of Akron,US,1,450,171,378,17,4.499,56.60,5,5.395,37.73
2015,MIS,7,Auburn Univ,US,4,600,178,392,16,4.496,56.73,21,5.737,23.89
2015,MIS,8,Univ of Michigan - Ann Arbor,US,4,600,190,419,4,4.163,72.42,12,5.589,29.57
2015,MIS,9,Univ of Florida,US,4,600,201,443,1,4.113,75.00,37,5.937,16.89
2015,MIS,11,Universidade Estadual de Campinas,BR,4,600,207,457,3,4.152,72.99,19,5.709,24.93
2015,MIS,12,Michigan State Univ,US,4,600,216,477,10,4.389,61.51,8,5.495,33.42
2015,MIS,13,Univ of Wisconsin - Madison,US,1,605,174,383,39,4.856,42.19,15,5.652,27.10
2015,MIS,14,Univ of Kansas - Lawrence,US,4,600,199,439,,,,,,
2015,MIS,15,Kettering Univ,US,1,450,155,342,53,5.018,36.32,18,5.707,25.01
2015,MIS,16,Graz Technical Univ,AT,1,510,154,339,8,4.350,63.32,3,5.190,47.37
2015,MIS,17,Univ of Toledo,US,4,600,207,456,24,4.624,51.30,59,6.524,2.50
2015,MIS,18,San Jose State University,US,4,600,197,435,22,4.572,53.47,1,5.138,50.00
2015,MIS,19,Ecole De Technologie Superieure,CA,1,480,151,333,63,5.576,18.73,2,5.189,47.42
2015,MIS,20,Worcester Polytechnic Inst,US,2,500,234,515,66,6.394,3.50,62,6.671,2.50
2015,MIS,21,Univ of Illinois - Urbana Champaign,US,4,600,216,477,14,4.445,58.98,36,5.900,18.13
2015,MIS,22,US Naval Academy,US,2,500,214,472,38,4.848,42.49,54,6.259,6.98
2015,MIS,23,Ferris State University,US,4,600,235,518,,,,,,
2015,MIS,24,Brown Univ,US,4,600,204,450,,,,,,
2015,MIS,25,Georgia Institute of Technology,US,4,600,215,473,50,4.965,38.20,58,6.374,3.80
2015,MIS,26,Georgia Southern Univ,US,1,510,163,359,19,4.537,54.96,14,5.645,27.37
2015,MIS,27,Louisiana State Univ,US,4,600,209,461,30,4.714,47.66,23,5.788,22.04
2015,MIS,29,Lehigh Univ,US,1,450,176,387,,,,,,
2015,MIS,30,Univ of Missouri,US,4,600,207,456,33,4.786,44.84,39,6.033,13.77
2015,MIS,31,Bradley Univ,US,2,500,220,486,48,4.944,38.95,49,6.173,9.48
2015,MIS,32,Rose Hulman Inst of Tech,US,4,600,199,439,45,4.922,39.75,9,5.512,32.71
2015,MIS,33,West Virginia Univ,US,1,450,208,459,54,5.059,34.90,60,6.527,2.50
2015,MIS,34,Lafayette College,US,1,450,,,,,,,,
2015,MIS,35,Southern Illinois Univ - Edwardville,US,1,500,221,487,,,,,,
2015,MIS,36,Univ of North Florida,US,4,600,216,477,59,5.268,27.98,64,7.240,2.50
2015,MIS,37,Univ of Connecticut,US,4,600,191,422,18,4.519,55.73,65,12.485,2.50
2015,MIS,38,National Univ of Singapore,SG,4,600,214,471,2,4.114,74.95,31,5.832,20.47
2015,MIS,39,Univ of Kentucky,US,4,600,,,,,,,,
2015,MIS,40,Univ of Central Florida,US,4,600,202,445,34,4.812,43.85,38,6.008,14.56
2015,MIS,41,Old Dominion Univ,US,4,600,269,594,,,,,,
2015,MIS,42,Florida International Univ,US,1,450,188,415,,,,,,
2015,MIS,43,Columbia Univ,US,4,600,219,482,31,4.743,46.51,46,6.141,10.43
2015,MIS,44,Western Michigan Univ,US,1,450,193,425,,,,,,
2015,MIS,45,Tennessee Tech Univ,US,1,570,256,565,64,5.815,12.23,51,6.223,8.01
2015,MIS,46,McGill Univ,CA,1,450,160,352,,,,,,
2015,MIS,47,Univ of South Florida,US,1,540,162,357,,,,,,
2015,MIS,48,Washington Univ - St Louis,US,4,600,218,481,27,4.667,49.54,43,6.094,11.86
2015,MIS,49,Univ of Toronto,CA,1,450,164,361,61,5.381,24.46,48,6.163,9.77
2015,MIS,50,Missouri University of Science and Tech,US,4,600,200,442,43,4.897,40.67,4,5.390,37.95
2015,MIS,51,Univ of Cincinnati,US,1,475,172,380,58,5.209,29.88,27,5.820,20.90
2015,MIS,52,Colorado Mesa University,US,4,600,212,467,,,,,,
2015,MIS,53,Kookmin Univ,KR,4,600,210,463,13,4.436,59.38,6,5.452,35.24
2015,MIS,54,Univ of Evansville,US,1,480,177,391,,,,,,
2015,MIS,55,Universidad Central de Venezuela,VE,1,450,205,453,65,5.956,8.64,61,6.588,2.50
2015,MIS,56,Central Michigan Univ,US,4,600,268,590,52,5.010,36.60,55,6.309,5.58
2015,MIS,57,Texas Tech Univ,US,1,450,171,376,,,,,,
2015,MIS,58,Polytechnique Montréal,CA,1,450,198,436,,,,,,
2015,MIS,59,Univ of Minnesota - Twin Cities,US,4,600,205,453,21,4.548,54.49,22,5.771,22.65
2015,MIS,60,Univ of Illinois - Chicago,US,4,600,197,434,,,,,,
2015,MIS,61,Rutgers Univ,US,1,450,175,386,,,,,,
2015,MIS,62,Ohio State Univ,US,4,600,186,410,35,4.822,43.47,13,5.606,28.90
2015,MIS,63,Duke Univ,US,4,600,193,425,28,4.689,48.66,35,5.883,18.71
2015,MIS,64,Univ of Alabama - Tuscaloosa,US,4,600,230,507,,,,,,
2015,MIS,65,Minnesota State University - Mankato,US,1,450,205,451,57,5.192,30.43,47,6.146,10.28
2015,MIS,66,North Carolina State Univ - Raleigh,US,4,600,220,486,60,5.279,27.63,44,6.095,11.83
2015,MIS,67,Queen's Univ - Ontario Canada,CA,4,600,211,466,,,,,,
2015,MIS,68,Lakehead Univ,CA,4,600,247,545,32,4.749,46.28,50,6.201,8.65
2015,MIS,69,Univ of Waterloo,CA,4,600,202,446,,,,,,
2015,MIS,70,Kennesaw State University,US,4,600,176,388,40,4.860,42.04,56,6.320,5.27
2015,MIS,71,Univ of Pittsburgh - Pittsburgh,US,4,600,220,484,15,4.463,58.18,16,5.662,26.71
2015,MIS,72,Univ of Michigan - Dearborn,US,2,500,207,457,23,4.587,52.84,20,5.721,24.49
2015,MIS,73,Saginaw Valley State Univ,US,4,600,209,460,9,4.371,62.34,11,5.544,31.39
2015,MIS,74,North Dakota State Univ,US,1,510,208,459,,,,,,
2015,MIS,76,Universite Du Quebec a Trois-Rivieres,CA,4,600,202,445,42,4.883,41.18,17,5.693,25.54
2015,MIS,77,Cegep du Vieux - Montreal,CA,4,600,207,456,47,4.940,39.10,53,6.236,7.64
2015,MIS,78,Universite Du Quebec-Chicoutimi,CA,2,500,190,419,67,8.206,3.50,57,6.356,4.29
2015,MIS,79,St Cloud State Univ,US,2,500,291,642,,,,,,
2015,MIS,80,Kansas State Univ,US,1,450,,,,,,,,
2015,MIS,81,Universidad Simon Bolivar,VE,4,600,230,506,56,5.091,33.80,52,6.227,7.90
2015,MIS,82,Clemson Univ,US,4,600,193,426,,,,,,
2015,MIS,83,Oakland University,US,4,600,216,477,,,,,,
2015,MIS,84,Grand Valley State Univ,US,4,600,268,590,,,,,,
2015,MIS,85,Villanova Univ,US,4,600,184,405,7,4.335,64.02,32,5.850,19.85
2015,MIS,86,Cooper Union,US,4,600,210,463,,,,,,
2015,MIS,87,Stevens Inst of Tech,US,4,600,277,611,,,,,,
2015,MIS,88,Dalhousie Univ,CA,4,600,216,477,,,,,,
2015,MIS,90,Univ of North Carolina - Charlotte,US,1,510,167,368,,,,,,
2015,MIS,91,Univ of New Hampshire,US,1,450,,,,,,,,
2015,MIS,92,Clarkson University,US,4,600,,,,,,,,
2015,MIS,93,Univ of St Thomas,US,4,600,249,548,,,,,,
2015,MIS,94,Oklahoma State Univ,US,1,450,173,381,,,,,,
2015,MIS,95,Wayne State Univ,US,4,600,205,453,,,,,,
2015,MIS,96,Penn State Univ - University Park,US,4,600,222,490,46,4.928,39.53,40,6.059,12.95
2015,MIS,97,Univ of Guelph,CA,4,600,215,473,,,,,,
2015,MIS,98,Embry-Riddle Aero Univ - Daytona Beach,US,4,600,,,,,,,,
2015,MIS,99,York College of Pa,US,1,450,190,418,,,,,,
2015,MIS,100,Northern Illinois Univ,US,4,600,216,477,,,,,,
2015,MIS,101,Wroclaw University of Technology,PL,4,600,218,481,5,4.268,67.21,25,5.811,21.22
2015,MIS,102,Florida Inst of Tech,US,4,600,242,534,,,,,,
2015,MIS,103,Northwestern Univ,US,2,470,207,457,55,5.082,34.11,63,6.798,2.50
2015,MIS,104,Washington State Univ,US,1,450,211,466,,,,,,
2015,MIS,105,Univ of Hartford,US,1,450,,,,,,,,
2015,MIS,106,South Dakota State Univ,US,4,600,211,466,41,4.880,41.29,28,5.822,20.83
2015,MIS,107,Univ of Utah,US,1,570,211,465,,,,,,
2015,MIS,109,Univ of Oklahoma,US,1,450,164,362,,,,,,
2015,MIS,110,Virginia Tech,US,1,450,169,372,44,4.912,40.11,24,5.790,21.97
2015,MIS,111,Universidad Autonoma Estado Mexico,MX,1,440,210,464,,,,,,
2015,MIS,112,Hope College,US,4,600,,,,,,,,
2015,MIS,113,Temple Univ,US,4,600,230,508,,,,,,
2015,MIS,114,Michigan Tech Univ,US,2,500,211,465,26,4.657,49.95,41,6.063,12.82
2015,MIS,115,Rochester Institute of Technology,US,1,450,164,361,49,4.944,38.95,10,5.518,32.46
2015,MIS,116,Universidad Metropolitana,VE,4,600,209,460,,,,,,
2015,MIS,117,Western University,CA,4,600,218,481,36,4.839,42.82,7,5.487,33.75
2015,MIS,119,Univ of Victoria,CA,4,600,239,528,11,4.409,60.60,33,5.874,19.02
2015,MIS,120,Univ of Maryland - College Park,US,4,600,226,499,25,4.652,50.15,29,5.828,20.62
2015,MIS,121,Lawrence Technological Univ,US,2,450,175,386,,,,,,
2015,MIS,122,Indiana Univ Purdue Univ Indianapolis,US,4,600,229,505,37,4.841,42.75,45,6.113,11.28
2015,MIS,123,Florida Atlantic Univ,US,4,610,237,522,29,4.709,47.86,30,5.831,20.51
2015,MIS,125,Purdue Univ - W Lafayette,US,4,600,220,486,12,4.413,60.42,,,
2015,MIS,126,Cornell Univ,US,4,600,215,474,6,4.297,65.82,,,
2015,MIS,127,Univ of Manitoba,CA,4,600,193,425,,,,,,
2015,MIS,129,Univ of Texas - Arlington,US,1,450,179,395,51,4.969,38.05,34,5.882,18.74
2015,MIS,134,Mississippi State Univ,US,4,600,230,506,62,5.450,22.39,42,6.077,12.39
2014,MIS,1,Universitat Stuttgart,GER,4,600,172,380,18,4.465,58.96,5,5.034,40.38
2014,MIS,3,Univ of Akron,USA,1,450,160,353,32,4.615,52.51,15,5.149,34.98
2014,MIS,4,Ecole De Technologie Superieure,CAN,1,250,145,320,71,5.511,21.30,3,4.966,43.75
2014,MIS,5,Université Laval,CAN,4,600,184,406,19,4.470,58.74,6,5.056,39.32
2014,MIS,6,Cornell Univ,USA,4,600,194,427,16,4.459,59.22,11,5.087,37.85
2014,MIS,8,Centro Universitario Da FEI,BRA,1,450,180,396,14,4.448,59.72,7,5.064,38.94
2014,MIS,9,Michigan State Univ,USA,4,600,227,501,33,4.626,52.05,43,5.541,19.02
2014,MIS,10,Univ of Florida,USA,4,600,196,432,26,4.547,55.38,20,5.262,30.01
2014,MIS,11,Instituto Maua de Tecnologia,BRA,4,600,245,541,34,4.639,51.52,25,5.336,26.93
2014,MIS,12,Auburn Univ,USA,4,600,175,386,13,4.445,59.85,24,5.314,27.83
2014,MIS,13,Missouri University of Science and Tech,USA,4,600,205,452,21,4.479,58.34,14,5.145,35.16
2014,MIS,14,Karlsruhe Institute of Technology,GER,2,595,198,437,60,5.091,34.56,8,5.077,38.32
2014,MIS,15,Univ of Kansas - Lawrence,USA,4,600,210,463,6,4.350,64.20,17,5.217,31.95
2014,MIS,16,Kettering Univ,USA,1,450,168,371,,,,,,
2014,MIS,17,Univ of Illinois - Urbana Champaign,USA,4,600,221,487,9,4.382,62.72,38,5.489,20.94
2014,MIS,18,UAS Esslingen,GER,4,600,,,,,,,,
2014,MIS,19,Univ of Cincinnati,USA,1,450,,,,,,,,
2014,MIS,20,Univ of South Florida,USA,1,450,169,372,61,5.113,33.81,48,5.597,17.01
2014,MIS,21,Technical Univ of Munich,GER,4,600,178,393,12,4.415,61.20,10,5.082,38.08
2014,MIS,22,California State Poly Univ - Pomona,USA,4,600,192,423,28,4.566,54.57,23,5.303,28.29
2014,MIS,23,Oregon State Univ,USA,1,450,162,357,17,4.462,59.09,1,4.847,50.00
2014,MIS,24,Universidad Central de Venezuela,VEN,1,450,228,503,74,5.681,16.49,,,
2014,MIS,25,Universidad Simon Bolivar,VEN,4,600,232,512,52,4.918,40.68,41,5.532,19.35
2014,MIS,26,US Naval Academy,USA,2,450,180,396,70,5.450,23.10,68,6.101,2.50
2014,MIS,27,US Air Force Academy,USA,1,525,167,368,,,,,,
2014,MIS,29,Universidad Fermin Toro,VEN,,,,,,,,,,
2014,MIS,30,Brown Univ,USA,4,600,204,450,,,,,,
2014,MIS,31,Georgia Institute of Technology,USA,4,600,205,452,57,4.975,38.62,61,5.862,8.27
2014,MIS,32,Univ of Minnesota - Twin Cities,USA,4,600,208,458,38,4.715,48.44,52,5.649,15.20
2014,MIS,33,Yeungnam Univ,KOR,4,600,248,547,,,,,,
2014,MIS,34,Carleton Univ,CAN,1,250,197,435,75,5.754,14.51,47,5.588,17.33
2014,MIS,36,Univ of Michigan - Ann Arbor,USA,4,600,212,468,25,4.527,56.24,32,5.445,22.61
2014,MIS,37,Univ of New Hampshire,USA,1,450,213,469,66,5.268,28.71,59,5.780,10.85
2014,MIS,38,National Univ of Singapore,SIN,4,600,203,448,2,4.236,69.68,46,5.587,17.37
2014,MIS,39,Univ of Toronto,CAN,1,450,156,345,80,6.815,3.50,,,
2014,MIS,40,Kumoh National Institute of Technology,KOR,4,600,237,523,,,,,,
2014,MIS,41,Univ of Pittsburgh - Pittsburgh,USA,4,600,209,461,29,4.596,53.30,,,
2014,MIS,42,Villanova Univ,USA,4,600,196,433,49,4.830,43.96,60,5.816,9.70
2014,MIS,43,San Jose State University,USA,4,600,204,449,22,4.482,58.21,19,5.246,30.70
2014,MIS,44,Ohio State Univ,USA,4,600,194,428,11,4.410,61.43,26,5.349,26.40
2014,MIS,45,Oklahoma State Univ,USA,1,450,173,381,48,4.822,44.27,51,5.640,15.51
2014,MIS,46,Michigan Tech Univ,USA,1,510,191,422,58,5.003,37.62,64,5.911,6.78
2014,MIS,47,Univ of Michigan - Dearborn,USA,2,500,205,451,47,4.817,44.46,42,5.537,19.17
2014,MIS,48,Oakland University,USA,4,600,206,454,23,4.503,57.28,65,5.918,6.57
2014,MIS,49,Minnesota State University - Mankato,USA,1,450,210,463,44,4.787,45.61,74,6.532,2.50
2014,MIS,50,Saginaw Valley State Univ,USA,4,600,194,428,1,4.131,75.00,22,5.302,28.33
2014,MIS,51,Univ of Central Florida,USA,4,600,,,,,,,,
2014,MIS,52,Univ of North Florida,USA,4,600,246,542,,,,,,
2014,MIS,53,Queen's Univ - Ontario Canada,CAN,4,600,216,477,36,4.700,49.04,69,6.105,2.50
2014,MIS,54,Florida Inst of Tech,USA,4,600,245,541,51,4.850,43.21,67,6.057,2.56
2014,MIS,55,Cooper Union,USA,4,600,228,503,54,4.926,40.39,73,6.322,2.50
2014,MIS,56,Univ of Oklahoma,USA,2,550,155,342,73,5.651,17.31,34,5.446,22.58
2014,MIS,57,Univ of Toledo,USA,4,600,206,454,3,4.256,68.70,16,5.149,34.98
2014,MIS,58,Lawrence Technological Univ,USA,2,450,177,390,,,,,,
2014,MIS,59,Dalhousie Univ,CAN,4,600,223,491,53,4.921,40.57,72,6.258,2.50
2014,MIS,60,Univ of Western Ontario,CAN,4,600,218,481,4,4.304,66.38,9,5.080,38.18
2014,MIS,61,Univ of Illinois - Chicago,USA,4,600,220,486,,,,,,
2014,MIS,62,Univ of Missouri,USA,4,600,221,488,5,4.347,64.34,12,5.098,37.33
2014,MIS,63,Clarkson University,USA,4,600,259,570,,,,66,5.946,5.74
2014,MIS,64,Duke Univ,USA,4,600,221,487,10,4.383,62.67,62,5.864,8.21
2014,MIS,65,Universite Du Quebec a Trois-Rivieres,CAN,4,600,206,455,27,4.560,54.82,30,5.416,23.74
2014,MIS,66,Fachhochschule Hamburg,GER,4,600,204,450,24,4.518,56.63,2,4.950,44.57
2014,MIS,67,Washington Univ - St Louis,USA,4,600,205,452,46,4.808,44.80,53,5.656,14.96
2014,MIS,68,Univ of Alabama - Tuscaloosa,USA,4,600,235,518,,,,,,
2014,MIS,69,Universidad Iberoamericana,MEX,1,450,,,,,,,,
2014,MIS,70,Univ of Hartford,USA,1,513,185,408,,,,,,
2014,MIS,71,Florida International Univ,USA,1,450,204,450,,,,,,
2014,MIS,72,Univ of Utah,USA,1,510,,,,,,,,
2014,MIS,73,Universite Du Quebec-Chicoutimi,CAN,2,500,219,482,37,4.704,48.88,50,5.636,15.65
2014,MIS,74,Cegep du Vieux - Montreal,CAN,4,600,207,457,39,4.739,47.49,,,
2014,MIS,76,Ferris State University,USA,1,450,192,424,,,,,,
2014,MIS,77,Rochester Institute of Technology,USA,1,450,165,363,,,,,,
2014,MIS,78,Western Michigan Univ,USA,1,450,212,468,77,5.854,11.88,77,8.440,2.50
2014,MIS,79,Old Dominion Univ,USA,4,600,244,539,59,5.088,34.66,40,5.522,19.72
2014,MIS,80,Kookmin Univ,KOR,4,600,224,493,15,4.448,59.72,35,5.447,22.54
2014,MIS,81,Georgia Southern Univ,USA,1,510,197,435,45,4.788,45.57,54,5.663,14.72
2014,MIS,82,Univ of Connecticut,USA,4,600,196,433,35,4.670,50.25,28,5.388,24.84
2014,MIS,83,Recinto Univ De Mayaguez,USA,4,600,230,506,,,,,,
2014,MIS,84,Purdue Univ - W Lafayette,USA,4,600,208,459,20,4.477,58.43,31,5.442,22.73
2014,MIS,85,Rensselaer Polytechnic Inst,USA,4,600,205,453,,,,,,
2014,MIS,86,Southern Illinois Univ - Carbondale,USA,4,600,226,499,69,5.430,23.69,37,5.474,21.51
2014,MIS,87,Kansas State Univ,USA,1,450,231,510,67,5.269,28.68,36,5.471,21.62
2014,MIS,88,California Polytechnic State Univ-SLO,USA,1,450,202,445,41,4.782,45.80,27,5.362,25.88
2014,MIS,89,Penn State Univ - University Park,USA,4,600,236,521,79,6.158,4.41,76,7.344,2.50
2014,MIS,90,Texas Tech Univ,USA,1,450,176,387,,,,,,
2014,MIS,91,Bits Pilani-Dubai,UAE,4,600,,,,,,,,
2014,MIS,92,California State Univ - Long Beach,USA,4,600,265,585,43,4.784,45.73,57,5.765,11.33
2014,MIS,93,York College of Pa,USA,4,600,216,477,50,4.835,43.77,75,6.630,2.50
2014,MIS,94,West Virginia Univ,USA,4,600,262,577,62,5.117,33.67,70,6.204,2.50
2014,MIS,95,Univ of Kentucky,USA,4,600,,,,,,,,
2014,MIS,96,Lehigh Univ,USA,1,450,178,392,68,5.312,27.32,39,5.494,20.76
2014,MIS,97,Lakehead Univ,CAN,4,600,278,613,,,,,,
2014,MIS,98,Rose Hulman Inst of Tech,USA,4,600,226,499,64,5.147,32.67,49,5.625,16.03
2014,MIS,99,Florida Atlantic Univ,USA,4,600,234,515,,,,,,
2014,MIS,100,Vanderbilt Univ,USA,1,450,165,363,78,5.941,9.66,45,5.582,17.55
2014,MIS,101,Clemson Univ,USA,4,600,229,504,,,,,,
2014,MIS,102,North Carolina State Univ - Raleigh,USA,4,600,202,446,8,4.374,63.09,33,5.445,22.61
2014,MIS,103,Univ of Evansville,USA,1,572,184,405,63,5.117,33.67,63,5.890,7.41
2014,MIS,104,South Dakota Sch of Mines & Tech,USA,2,550,,,,,,,,
2014,MIS,105,Mississippi State Univ,USA,4,600,258,569,72,5.540,20.46,29,5.399,24.40
2014,MIS,106,North Dakota State Univ,USA,1,510,188,414,,,,,,
2014,MIS,107,American Univ of Sharjah,UAE,,,,,,,,,,
2014,MIS,108,Louisiana State Univ,USA,4,600,226,499,42,4.783,45.77,44,5.565,18.15
2014,MIS,109,Northern Illinois Univ,USA,4,600,,,,,,,,
2014,MIS,110,Temple Univ,USA,4,600,,,,,,,,
2014,MIS,111,Univ of Manitoba,CAN,4,600,204,449,56,4.934,40.10,58,5.765,11.33
2014,MIS,112,FH - Joanneum Graz,AUT,2,595,203,448,7,4.352,64.11,4,5.024,40.87
2014,MIS,113,Univ of Wisconsin - Madison,USA,1,605,172,380,30,4.613,52.59,13,5.117,36.45
2014,MIS,114,Virginia Tech,USA,1,450,167,368,40,4.759,46.70,21,5.268,29.76
2014,MIS,115,Ryerson Univ,CAN,4,600,,,,,,,,
2014,MIS,116,Lafayette College,USA,1,450,207,457,76,5.836,12.34,55,5.700,13.47
2014,MIS,117,Tennessee Tech Univ,USA,1,510,272,599,,,,,,
2014,MIS,119,Washington State Univ,USA,,,,,,,,,,
2014,MIS,120,Bradley Univ,USA,2,500,218,480,55,4.932,40.17,71,6.209,2.50
2014,MIS,121,Concordia University,CAN,4,600,219,483,,,,,,
2014,MIS,122,Rutgers Univ,USA,3,605,221,488,65,5.149,32.60,56,5.711,13.10
2014,MIS,123,MADI State Tech Univ,RUS,1,450,,,,,,,,
2014,MIS,124,Univ of Guelph,CAN,4,600,216,476,,,,,,
2014,MIS,125,Northwestern Univ,USA,1,450,177,390,,,,,,
2014,MIS,126,Univ of Waterloo,CAN,4,600,217,478,31,4.613,52.59,18,5.231,31.34
2013,MIS,1,Oregon State Univ,USA,1,450,158,349,13,4.216,55.36,2,5.035,43.07
2013,MIS,3,Universitat Stuttgart,GER,4,600,167,369,10,4.189,56.62,6,5.113,39.29
2013,MIS,5,Univ of Michigan - Ann Arbor,USA,4,600,198,436,5,4.131,59.37,26,5.421,25.91
2013,MIS,6,Graz Univ of Technology,AUT,1,510,155,342,36,4.491,43.43,20,5.354,28.63
2013,MIS,8,Ecole De Technologie Superieure,CAN,1,450,148,327,3,4.068,62.45,1,4.901,50.00
2013,MIS,10,Univ of Wisconsin - Madison,USA,1,605,156,344,22,4.350,49.36,9,5.162,37.00
2013,MIS,11,Univ of Kansas - Lawrence,USA,4,600,203,448,7,4.139,58.99,41,5.603,19.02
2013,MIS,12,Univ of South Florida,USA,,,,,,,,,,
2013,MIS,13,Centro Universitario Da FEI,BRA,1,450,176,389,31,4.450,45.12,3,5.048,42.43
2013,MIS,14,Missouri University of Science and Tech,USA,4,600,203,448,23,4.351,49.32,5,5.095,40.15
2013,MIS,15,Michigan State Univ,USA,4,600,232,512,14,4.254,53.62,38,5.546,21.11
2013,MIS,16,US Naval Academy,USA,2,550,179,394,,,,,,
2013,MIS,17,Universidad Simon Bolivar,VEN,4,600,215,475,27,4.397,47.34,27,5.425,25.75
2013,MIS,18,US Air Force Academy,USA,1,510,182,402,63,5.379,13.23,57,5.861,10.33
2013,MIS,19,Columbia Univ,USA,4,600,235,518,,,,,,
2013,MIS,20,Florida International Univ,USA,,,,,,,,,,
2013,MIS,21,Dalhousie Univ,CAN,4,600,230,506,54,4.875,29.02,50,5.754,13.80
2013,MIS,22,North Carolina State Univ - Raleigh,USA,4,600,201,444,15,4.261,53.30,16,5.313,30.34
2013,MIS,23,Univ of Central Florida,USA,4,600,212,468,50,4.721,34.52,56,5.858,10.43
2013,MIS,24,Ecole Polytechnique De Montreal,CAN,,,,,,,,,,
2013,MIS,25,Univ of Pittsburgh - Pittsburgh,USA,4,600,207,456,24,4.364,48.75,59,5.933,8.11
2013,MIS,26,Queen's Univ - Ontario Canada,CAN,4,600,220,485,66,5.472,10.63,65,6.172,2.50
2013,MIS,27,York College of Pa,USA,4,600,235,518,21,4.309,51.16,51,5.761,13.56
2013,MIS,29,Purdue Univ - W Lafayette,USA,4,600,195,431,16,4.269,52.94,28,5.431,25.52
2013,MIS,30,Universite Du Quebec-Chicoutimi,CAN,2,500,215,475,38,4.514,42.50,52,5.761,13.56
2013,MIS,31,Univ of Toledo,USA,4,600,197,434,9,4.171,57.46,31,5.477,23.72
2013,MIS,32,Brown Univ,USA,4,600,200,442,,,,,,
2013,MIS,33,Univ of Missouri,USA,4,600,221,487,,,,,,
2013,MIS,34,Worcester Polytechnic Inst,USA,,,,,,,,,,
2013,MIS,35,San Jose State University,USA,4,600,192,424,57,4.988,25.20,21,5.354,28.63
2013,MIS,36,Univ of Minnesota - Twin Cities,USA,4,600,218,480,35,4.488,43.55,33,5.506,22.61
2013,MIS,37,Lafayette College,USA,4,600,287,632,55,4.891,28.47,44,5.638,17.77
2013,MIS,38,Oakland University,USA,4,600,199,439,32,4.470,44.29,58,5.923,8.41
2013,MIS,39,Ohio State Univ,USA,4,600,215,473,42,4.592,39.41,25,5.414,26.19
2013,MIS,40,Kansas State Univ,USA,1,450,207,457,,,,,,
2013,MIS,41,Southern Polytechnic State Univ,USA,4,600,211,466,,,,,,
2013,MIS,42,Univ of Maryland - College Park,USA,1,450,206,455,53,4.788,32.08,14,5.242,33.40
2013,MIS,43,Northwestern Univ,USA,1,450,188,415,,,,,,
2013,MIS,44,Wayne State Univ,USA,4,600,222,490,,,,,,
2013,MIS,46,West Virginia Univ,USA,,,,,,,,,,
2013,MIS,47,Univ of North Florida,USA,4,600,239,526,67,5.610,6.94,64,6.128,2.50
2013,MIS,48,Georgia Institute of Technology,USA,1,450,181,398,59,5.080,22.22,54,5.790,12.61
2013,MIS,49,Univ of New Hampshire,USA,1,450,201,444,60,5.118,21.02,47,5.734,14.46
2013,MIS,50,Univ of Akron,USA,1,450,159,350,30,4.442,45.45,4,5.066,41.55
2013,MIS,51,Western Washington Univ,USA,4,600,214,472,48,4.695,35.48,48,5.746,14.06
2013,MIS,52,Florida Inst of Tech,USA,1,450,188,415,,,,,,
2013,MIS,53,Washington Univ - St Louis,USA,4,600,213,469,58,5.010,24.48,62,6.013,5.73
2013,MIS,54,Univ of Maine,USA,2,550,197,435,61,5.208,18.25,68,6.398,2.50
2013,MIS,55,Western Michigan Univ,USA,1,450,205,453,,,,,,
2013,MIS,56,Univ of St Thomas,USA,4,600,254,561,,,,,,
2013,MIS,57,Univ of Illinois - Chicago,USA,4,600,221,487,,,,,,
2013,MIS,58,Univ of Cincinnati,USA,1,450,172,380,46,4.660,36.80,45,5.660,17.00
2013,MIS,59,Univ of Hartford,USA,1,510,175,386,,,,,,
2013,MIS,60,Vanderbilt Univ,USA,,,,,,,,,,
2013,MIS,61,Univ of Toronto,CAN,,,,,,,,,,
2013,MIS,62,Ryerson Univ,CAN,,,,,,,,,,
2013,MIS,63,Cooper Union,USA,4,600,232,511,69,5.938,3.50,73,7.902,2.50
2013,MIS,64,Louisiana State Univ,USA,4,600,233,514,43,4.645,37.36,49,5.750,13.93
2013,MIS,65,Rensselaer Polytechnic Inst,USA,,,,,,,,,,
2013,MIS,66,South Dakota Sch of Mines & Tech,USA,2,550,154,340,,,,24,5.404,26.59
2013,MIS,67,Carnegie Mellon Univ,USA,4,600,206,455,,,,,,
2013,MIS,68,Universite Du Quebec a Trois-Rivieres,CAN,4,600,191,420,17,4.269,52.94,35,5.513,22.34
2013,MIS,69,Lakehead Univ,CAN,4,600,239,527,65,5.401,12.61,60,5.941,7.87
2013,MIS,70,Wichita State Univ,USA,4,600,224,493,,,,,,
2013,MIS,71,Saginaw Valley State Univ,USA,4,600,196,433,2,4.044,63.65,32,5.501,22.80
2013,MIS,72,Cegep du Vieux - Montreal,CAN,4,600,249,548,28,4.401,47.17,61,5.944,7.78
2013,MIS,73,Universite Laval,CAN,4,600,200,440,6,4.137,59.08,12,5.210,34.82
2013,MIS,74,Univ of Illinois - Urbana Champaign,USA,4,600,216,476,12,4.215,55.41,17,5.325,29.83
2013,MIS,75,Ferris State University,USA,1,450,179,395,,,,,,
2013,MIS,76,Univ of Michigan - Dearborn,USA,2,500,177,390,,,,,,
2013,MIS,77,Rutgers Univ,USA,,,,,,,,,,
2013,MIS,78,Univ of Windsor,CAN,4,600,212,467,33,4.472,44.21,39,5.567,20.33
2013,MIS,79,Auburn Univ,USA,4,600,200,442,20,4.307,51.24,15,5.275,31.96
2013,MIS,80,Texas Tech Univ,USA,1,450,184,405,,,,,,
2013,MIS,81,Georgia Southern Univ,USA,1,510,175,386,39,4.530,41.85,23,5.397,26.87
2013,MIS,82,Universidad Central de Venezuela,VEN,1,450,244,539,,,,,,
2013,MIS,83,Colorado State University,USA,4,600,218,481,49,4.709,34.96,13,5.241,33.44
2013,MIS,84,Cornell Univ,USA,4,600,186,411,1,3.830,75.00,22,5.371,27.93
2013,MIS,85,National Univ of Singapore,SIN,2,550,168,371,44,4.659,36.83,18,5.336,29.37
2013,MIS,86,Univ of Manitoba,CAN,4,600,204,450,68,5.655,5.78,63,6.046,4.78
2013,MIS,87,Tennessee Tech Univ,USA,,,,,,,,,,
2013,MIS,88,Villanova Univ,USA,4,600,194,428,,,,,,
2013,MIS,89,Florida Atlantic Univ,USA,4,600,232,511,8,4.144,58.75,69,6.418,2.50
2013,MIS,90,Arizona State Univ - Tempe,USA,4,600,237,522,72,6.757,3.50,66,6.202,2.50
2013,MIS,91,McGill Univ,CAN,1,450,181,399,73,7.748,3.50,,,
2013,MIS,92,Virginia Tech,USA,1,450,175,385,,,,,,
2013,MIS,93,Kookmin Univ,KOR,4,600,238,525,19,4.273,52.76,10,5.179,36.22
2013,MIS,94,Portland State Univ,USA,4,600,226,499,29,4.430,45.95,36,5.521,22.04
2013,MIS,95,Penn State Univ - University Park,USA,4,600,207,456,26,4.388,47.72,30,5.465,24.18
2013,MIS,96,Temple Univ,USA,4,600,248,547,,,,,,
2013,MIS,97,Rochester Institute of Technology,USA,1,450,149,329,56,4.972,25.73,8,5.137,38.16
2013,MIS,98,Univ of Alabama - Tuscaloosa,USA,4,600,223,491,,,,,,
2013,MIS,99,Univ of Western Ontario,CAN,4,600,222,489,11,4.207,55.78,19,5.348,28.87
2013,MIS,100,Clemson Univ,USA,4,600,234,516,40,4.586,39.64,37,5.525,21.89
2013,MIS,101,Kettering Univ,USA,1,450,181,399,37,4.494,43.31,34,5.511,22.42
2013,MIS,102,Northern Illinois Univ,USA,2,550,188,415,,,,,,
2013,MIS,103,Univ of Florida,USA,4,600,202,445,18,4.269,52.94,29,5.444,25.00
2013,MIS,104,Stevens Inst of Tech,USA,4,600,295,650,,,,,,
2013,MIS,105,Univ of North Carolina - Charlotte,USA,1,510,190,418,45,4.659,36.83,,,
2013,MIS,106,Univ of Waterloo,CAN,4,600,226,498,47,4.693,35.56,55,5.807,12.06
2013,MIS,107,Univ of Connecticut,USA,4,600,208,458,41,4.587,39.60,40,5.574,20.08
2013,MIS,108,Mississippi State Univ,USA,4,600,272,600,71,6.469,3.50,43,5.630,18.06
2013,MIS,109,Old Dominion Univ,USA,4,600,262,577,52,4.731,34.15,72,7.681,2.50
2013,MIS,110,Kumoh National Institute of Technology,KOR,4,600,233,514,64,5.390,12.92,53,5.766,13.40
2013,MIS,111,Bradley Univ,USA,2,500,219,482,62,5.245,17.13,71,6.712,2.50
2013,MIS,112,North Dakota State Univ,USA,1,510,,,,,,,,
2013,MIS,113,Duke Univ,USA,4,600,211,466,34,4.478,43.96,42,5.618,18.48
2013,MIS,114,Lehigh Univ,USA,1,450,,,,,,,,
2013,MIS,115,Univ of Ontario Institute of Tech,CAN,1,450,172,379,70,6.113,3.50,67,6.324,2.50
2013,MIS,117,Universidad Nacional Experimental Polite,VEN,,,,,,,,,,
2013,MIS,118,Tallinn University of Technology,EST,4,600,216,476,4,4.082,61.76,7,5.122,38.86
2013,MIS,119,Lawrence Technological Univ,USA,2,450,183,404,,,,,,
2013,MIS,120,Rose Hulman Inst of Tech,USA,,,,,,,,,,
2013,MIS,121,RWTH Aachen Tech Univ,GER,4,600,199,439,25,4.366,48.67,11,5.208,34.91
2013,MIS,122,Seoul National Univ of Science & Tech,KOR,1,575,,,,,,,,
2013,MIS,123,Univ of Minnesota-Duluth,USA,1,560,238,524,,,,70,6.477,2.50
2013,MIS,124,Universidad Autonoma Estado Mexico,MEX,1,450,225,497,,,,,,
2013,MIS,125,Carleton Univ,CAN,1,250,196,433,,,,,,
2013,MIS,126,Univ of Evansville,USA,,,,,,,,,,
2013,MIS,128,Oklahoma State Univ,USA,1,510,184,406,51,4.723,34.44,46,5.732,14.53