Year,Track,Car Num,Team,Country,"Engine 
Cylinders","Engine 
Displacement 
(cc)",Weight (kg),Weight (lbs),Accel Score,Skidpad Score
2019,MIS,1,Universitat Stuttgart,DE,4,600,173.7,383,86.44,62.18
2019,MIS,2,Graz Technical Univ,AT,1,510,155.1,342,89.82,58.19
2019,MIS,5,Ecole De Technologie Superieure,CA,1,450,147.4,325,85.44,75.00
2019,MIS,6,Univ of Akron,US,1,450,169.2,373,33.75,36.88
2019,MIS,7,Carleton Univ,CA,1,450,162.4,358,63.13,70.51
2019,MIS,8,Univ of Wisconsin - Madison,US,1,450,164.7,363,11.32,27.53
2019,MIS,9,Univ of Michigan - Ann Arbor,US,4,600,196.4,433,100.00,36.88
2019,MIS,10,AGH Univ of Science and Technology,PL,4,600,193.7,427,90.72,27.47
2019,MIS,11,Michigan State Univ,US,4,600,193.7,427,86.85,21.84
2019,MIS,12,Purdue Univ - W Lafayette,US,4,600,206.4,455,54.80,33.61
2019,MIS,14,Polytechnique Montréal,CA,1,450,186.0,410,53.28,40.13
2019,MIS,15,Embry-Riddle Aero Univ - Daytona Beach,US,4,600,,,,
2019,MIS,16,Kookmin Univ,KR,4,600,210.0,463,76.42,50.57
2019,MIS,17,Bradley Univ,US,2,470,231.8,511,4.50,3.50
2019,MIS,18,Univ of Alabama - Tuscaloosa,US,4,600,201.8,445,70.22,36.88
2019,MIS,19,North Carolina State Univ - Raleigh,US,4,600,211.4,466,77.82,46.94
2019,MIS,20,Florida Inst of Tech,US,4,600,243.1,536,20.05,
2019,MIS,21,Univ of Florida,US,4,600,215.0,474,74.45,33.73
2019,MIS,22,Auburn Univ,US,4,600,,,,
2019,MIS,23,Rensselaer Polytechnic Inst,US,4,600,196.4,433,85.38,50.84
2019,MIS,24,Univ of Toledo,US,1,450,175.1,386,,43.67
2019,MIS,25,Florida A&M Univ/Florida State Univ,US,4,600,,,,
2019,MIS,26,Purdue Univ - Northwest,US,4,600,206.8,456,4.50,3.50
2019,MIS,29,Univ of Cincinnati,US,1,475,191.0,421,46.96,53.90
2019,MIS,30,Univ of New Hampshire,US,1,450,201.4,444,,
2019,MIS,32,Pellissippi State Community College,US,4,600,262.2,578,4.50,27.58
2019,MIS,33,Oregon State Univ,US,1,450,146.5,323,69.19,64.35
2019,MIS,34,Univ of Central Florida,US,4,630,212.3,468,67.21,27.09
2019,MIS,35,Kansas State Univ,US,3,675,249.0,549,73.52,30.61
2019,MIS,36,Missouri University of Science and Tech,US,4,600,209.6,462,45.74,43.55
2019,MIS,37,Univ of Illinois - Urbana Champaign,US,4,600,193.2,426,85.65,33.73
2019,MIS,38,Brown Univ,US,4,600,198.7,438,76.75,30.50
2019,MIS,39,Univ of Missouri,US,4,600,213.6,471,63.70,43.55
2019,MIS,40,Clemson Univ,US,4,600,221.8,489,72.25,50.84
2019,MIS,41,Grand Valley State Univ,US,4,600,248.1,547,18.87,27.47
2019,MIS,42,Univ of Kentucky,US,4,600,237.7,524,60.35,8.81
2019,MIS,43,Minnesota State University - Mankato,US,1,450,170.1,375,33.91,33.61
2019,MIS,44,IPN - UPIITA,MX,4,600,255.4,563,,
2019,MIS,46,San Jose State University,US,3,675,197.3,435,72.16,58.19
2019,MIS,47,Ryerson Univ,CA,4,600,205.0,452,74.43,38.43
2019,MIS,48,Vaughn College of Aeronautics,US,4,600,,,,
2019,MIS,49,Univ of Louisiana - Lafayette,US,4,600,241.8,533,,3.50
2019,MIS,50,Univ of Michigan - Dearborn,US,2,500,201.8,445,,
2019,MIS,51,Universidad Simon Bolivar,VE,4,600,226.3,499,36.31,6.40
2019,MIS,52,Western Michigan Univ,US,4,600,215.0,474,71.77,30.61
2019,MIS,53,Ferris State University,US,1,475,,,,
2019,MIS,54,Michigan Tech Univ,US,2,500,228.2,503,44.65,47.07
2019,MIS,55,Rutgers Univ,US,1,450,166.9,368,41.85,33.78
2019,MIS,56,National Univ of Singapore,SQ,4,600,212.3,468,87.94,54.46
2019,MIS,58,Kennesaw State University,US,4,630,176.9,390,,
2019,MIS,59,Warsaw University of Technology,PL,4,600,,,,
2019,MIS,61,Queen's Univ,CA,4,600,,,,
2019,MIS,62,Univ of Minnesota - Twin Cities,US,4,600,203.2,448,75.95,43.55
2019,MIS,63,Washington Univ - St Louis,US,4,600,195.0,430,38.62,36.70
2019,MIS,64,Univ of Maryland - College Park,US,4,600,213.6,471,29.51,13.80
2019,MIS,65,Lehigh Univ,US,1,450,151.0,333,50.68,33.61
2019,MIS,66,Univ of Waterloo,CA,4,600,208.7,460,66.95,24.75
2019,MIS,67,Univ of Guelph,CA,4,600,203.7,449,59.60,19.11
2019,MIS,68,Penn State Univ - University Park,US,4,600,186.4,411,34.37,16.37
2019,MIS,69,Univ of Connecticut,US,4,600,204.6,451,88.55,36.94
2019,MIS,70,Penn State Univ - Harrisburg,US,4,600,243.1,536,79.07,16.37
2019,MIS,71,Univ of Puerto Rico-Mayaquez,US,4,600,218.6,482,65.83,36.35
2019,MIS,72,Florida International Univ,US,1,475,215.5,475,,3.50
2019,MIS,73,Louisiana State Univ,US,4,600,195.0,430,75.39,35.94
2019,MIS,74,Rochester Institute of Technology,US,1,450,193.2,426,,
2019,MIS,75,Old Dominion Univ,US,4,600,222.7,491,40.88,16.37
2019,MIS,76,Hope College,US,4,600,271.7,599,37.81,36.41
2019,MIS,77,Oakland University,US,4,600,214.5,473,60.28,27.58
2019,MIS,78,Temple Univ,US,4,600,205.0,452,52.87,4.06
2019,MIS,79,Georgia Southern Univ,US,4,600,198.2,437,76.70,43.61
2019,MIS,80,Virginia Tech,US,1,450,171.0,377,51.06,42.17
2019,MIS,81,Northwestern Univ,US,4,600,207.7,458,74.64,19.06
2019,MIS,82,Univ of North Florida,US,4,600,203.7,449,,
2019,MIS,83,Univ of British Columbia - Okanagan,CA,4,600,256.3,565,39.48,16.42
2019,MIS,84,Univ of Toronto,CA,1,450,165.1,364,38.22,33.67
2019,MIS,85,Wroclaw University of Technology,PL,4,600,188.2,415,84.04,43.67
2019,MIS,86,Wayne State Univ,US,4,600,197.3,435,77.54,43.55
2019,MIS,87,California State Poly Univ - Pomona,US,4,600,,,,
2019,MIS,88,The Ohio State University,US,4,600,200.0,441,67.99,24.64
2019,MIS,89,Tennessee Tech Univ,US,2,590,156.5,345,50.32,24.54
2019,MIS,90,Coburg University of Applied Sciences,DE,4,600,181.9,401,97.49,66.31
2019,MIS,91,Georgia Institute of Technology,US,4,600,217.3,479,59.21,30.61
2019,MIS,92,Univ of Victoria,CA,4,600,211.4,466,50.27,43.55
2019,MIS,93,Universite Du Quebec a Trois-Rivieres,CA,4,600,210.9,465,,
2019,MIS,94,Saginaw Valley State Univ,US,4,600,204.6,451,80.31,43.55
2019,MIS,95,Univ of Louisville,US,4,600,,,,
2019,MIS,96,Central Michigan Univ,US,4,600,,,,
2019,MIS,97,Washington State Univ,US,4,650,251.7,555,,
2019,MIS,98,Universidad Metropolitana,VE,4,600,254.5,561,,6.36
2019,MIS,99,York College of Pennsylvania,US,2,450,182.8,403,45.13,13.80
2019,MIS,100,Clarkson University,US,4,630,219.1,483,42.43,19.06
2019,MIS,101,Mississippi State Univ,US,2,470,210.0,463,4.50,3.50
2019,MIS,102,Lawrence Technological Univ,US,4,600,249.0,549,72.07,8.72
2019,MIS,103,Texas Tech Univ,US,1,450,195.5,431,,3.50
2019,MIS,104,South Dakota School of Mines & Tech,US,1,690,212.7,469,,
2019,MIS,105,Worcester Polytechnic Inst,US,1,450,188.7,416,45.25,16.42
2019,MIS,106,Kettering Univ,US,1,450,155.6,343,,
2019,MIS,107,Univ of South Florida,US,4,600,198.2,437,85.30,39.58
2019,MIS,108,Colorado Mesa University,US,4,600,225.9,498,18.79,6.40
2019,MIS,109,US Air Force Academy,US,1,450,210.5,464,29.65,21.43
2019,MIS,110,US Naval Academy,US,2,500,210.9,465,,
2019,MIS,111,Lakehead Univ,CA,4,600,247.2,545,44.42,3.50
2019,MIS,112,Alabama A & M Univ,US,4,600,,,,
2019,MIS,113,Dalhousie Univ,CA,1,450,167.8,370,40.46,27.58
2019,MIS,114,Binghamton Univ,US,4,600,299.8,661,18.68,5.76
2019,MIS,115,Univ of British Columbia,CA,4,600,204.6,451,79.77,36.94
2019,MIS,116,West Virginia Univ,US,1,450,,,,
2019,MIS,117,Columbia Univ,US,4,600,226.8,500,36.99,21.84
2019,MIS,118,Cooper Union,US,4,600,213.2,470,,
2019,MIS,119,Duke Univ,US,2,690,191.4,422,38.57,43.42
2019,MIS,120,Universidad Autonoma Estado Mexico,MX,1,440,240.0,529,,
2019,MIS,122,Florida Atlantic Univ,US,4,600,222.7,491,65.30,16.37
2019,MIS,123,Villanova Univ,US,4,600,192.8,425,89.54,30.55
2019,MIS,124,Univ of Nebraska - Lincoln,US,4,635,210.5,464,61.95,27.15
2019,MIS,125,South Dakota State Univ,US,4,600,211.8,467,37.52,6.32
2019,MIS,126,Univ of Kansas - Lawrence,US,4,600,210.9,465,66.92,13.65
2019,MIS,129,California State Univ - Fullerton,US,2,690,,,,
2019,MIS,131,Polytechnic Univ of Puerto Rico,US,4,600,323.0,712,14.86,
2019,MIS,132,Univ of Pittsburgh - Pittsburgh,US,4,600,212.7,469,31.97,40.13
2019,MIS,139,CEFET-MG,BR,4,600,209.1,461,64.15,43.55
2018,MIS,1,Universitat Stuttgart,DE,4,600,181.4,400,73.00,45.65
2018,MIS,2,Oregon State Univ,US,1,450,139.3,307,94.49,75.00
2018,MIS,3,Graz Technical Univ,AT,1,510,156.0,344,58.64,57.03
2018,MIS,5,Univ of Michigan - Ann Arbor,US,4,600,190.5,420,58.90,51.64
2018,MIS,6,San Jose State University,US,3,675,198.7,438,59.10,20.04
2018,MIS,7,Univ of Minnesota - Twin Cities,US,4,600,211.8,467,62.13,50.53
2018,MIS,8,Cornell Univ,US,4,600,185.5,409,79.91,49.96
2018,MIS,9,Rochester Institute of Technology,US,1,450,156.5,345,71.19,32.41
2018,MIS,10,Univ of Wisconsin - Madison,US,1,450,155.6,343,67.28,34.13
2018,MIS,11,Colorado Mesa University,US,4,600,220.0,485,21.54,10.92
2018,MIS,15,Univ of Evansville,US,1,570,198.7,438,6.58,29.05
2018,MIS,16,Michigan State Univ,US,4,600,188.2,415,75.47,39.03
2018,MIS,17,Purdue Univ - Northwest,US,4,600,207.7,458,,
2018,MIS,18,Ecole De Technologie Superieure,CA,1,450,147.0,324,82.46,37.79
2018,MIS,19,Kettering Univ,US,1,450,147.0,324,,
2018,MIS,20,Ryerson Univ,US,4,600,205.5,453,38.01,14.75
2018,MIS,21,Rensselaer Polytechnic Inst,US,4,600,198.7,438,69.12,33.94
2018,MIS,22,Rose Hulman Inst of Tech,US,1,450,174.2,384,,24.88
2018,MIS,23,Old Dominion Univ,US,4,600,,,,
2018,MIS,24,Tennessee Tech Univ,US,2,700,188.2,415,4.50,
2018,MIS,25,Lehigh Univ,US,1,450,163.7,361,45.74,25.52
2018,MIS,26,Univ of Toronto,CA,1,450,178.7,394,33.59,21.44
2018,MIS,27,Univ of Florida,US,4,600,197.8,436,,3.50
2018,MIS,29,York College of Pennsylvania,US,2,450,168.7,372,37.39,35.41
2018,MIS,30,Michigan Tech Univ,US,2,450,191.4,422,74.25,34.20
2018,MIS,31,Auburn Univ,US,4,600,174.2,384,46.88,41.55
2018,MIS,32,Grand Valley State Univ,US,4,600,235.0,518,47.52,30.04
2018,MIS,34,Univ of Missouri,US,4,600,202.3,446,87.48,45.73
2018,MIS,35,Univ of Pittsburgh - Pittsburgh,US,4,600,205.5,453,,
2018,MIS,36,Louisiana State Univ,US,4,600,186.9,412,97.57,27.49
2018,MIS,37,Univ of Illinois - Urbana Champaign,US,4,600,205.5,453,60.82,12.30
2018,MIS,38,Univ of Central Florida,US,4,635,212.7,469,47.81,18.61
2018,MIS,39,Univ of Toledo,US,1,450,180.1,397,28.93,47.87
2018,MIS,40,Washington Univ - St Louis,US,4,600,208.7,460,51.77,25.83
2018,MIS,41,Penn State Univ - University Park,US,4,600,196.0,432,79.97,40.12
2018,MIS,42,Brown Univ,US,4,600,206.4,455,86.80,13.36
2018,MIS,43,US Air Force Academy,US,1,450,216.4,477,14.22,14.29
2018,MIS,44,Clemson Univ,US,4,600,,,,
2018,MIS,45,Univ of Maryland - College Park,US,4,600,209.6,462,4.50,3.50
2018,MIS,46,Universidad Simon Bolivar,VE,4,600,219.5,484,62.18,17.36
2018,MIS,47,Lawrence Technological Univ,US,4,600,238.6,526,49.15,11.13
2018,MIS,48,Georgia Institute of Technology,US,4,600,217.3,479,60.94,29.08
2018,MIS,49,Carleton Univ,CA,1,450,151.0,333,63.27,51.31
2018,MIS,50,Clarkson University,US,4,635,230.9,509,51.76,27.49
2018,MIS,51,Concordia University,US,4,600,229.5,506,,
2018,MIS,52,Virginia Tech,US,1,450,163.3,360,52.32,32.38
2018,MIS,53,Georgia Southern Univ,US,4,600,203.7,449,87.98,22.86
2018,MIS,54,Univ of Guelph,CA,4,600,205.5,453,82.65,32.60
2018,MIS,55,Western University,CA,4,600,217.7,480,47.04,25.83
2018,MIS,56,South Dakota School of Mines & Tech,US,1,450,197.3,435,,
2018,MIS,57,Florida International Univ,US,1,475,176.9,390,31.10,14.77
2018,MIS,58,Univ of British Columbia,CA,4,600,203.2,448,91.87,43.65
2018,MIS,59,Kookmin Univ,KR,4,600,205.0,452,99.05,22.92
2018,MIS,60,US Naval Academy,US,2,500,220.4,486,74.62,35.94
2018,MIS,62,North Carolina State Univ - Raleigh,US,4,600,209.6,462,37.42,25.91
2018,MIS,63,Univ of Hartford,US,1,450,178.3,393,29.59,20.04
2018,MIS,64,Polytechnique Montréal,CA,1,450,174.2,384,81.58,56.10
2018,MIS,66,Florida Atlantic Univ,US,4,600,216.4,477,41.23,21.20
2018,MIS,67,Univ of Connecticut,US,4,600,201.8,445,98.55,41.59
2018,MIS,68,Florida Inst of Tech,US,4,600,231.3,510,,
2018,MIS,69,Univ of Saskatchewan,CA,4,600,237.7,524,53.63,37.79
2018,MIS,70,St Cloud State Univ,US,2,650,232.7,513,45.26,9.93
2018,MIS,71,Univ of Alabama - Tuscaloosa,US,4,600,179.6,396,76.02,34.13
2018,MIS,72,Wayne State Univ,US,4,600,199.6,440,87.53,28.99
2018,MIS,73,Univ of Akron,US,1,450,174.2,384,57.03,37.83
2018,MIS,74,Columbia Univ,US,4,600,201.8,445,46.97,
2018,MIS,75,Universidad Politecnica de Valencia,ES,4,600,204.1,450,70.52,56.32
2018,MIS,76,Universite de Sherbrooke,CA,2,500,196.9,434,52.36,3.50
2018,MIS,77,Univ of Michigan - Dearborn,US,2,500,200.9,443,37.61,19.99
2018,MIS,78,Embry-Riddle Aero Univ - Daytona Beach,US,4,600,218.6,482,78.62,19.99
2018,MIS,79,Univ of North Carolina - Charlotte,US,1,510,225.4,497,59.72,24.27
2018,MIS,80,National Univ of Singapore,SG,4,600,202.8,447,95.99,39.66
2018,MIS,81,Lakehead Univ,CA,4,600,246.8,544,,12.28
2018,MIS,82,Minnesota State University - Mankato,US,1,450,174.6,385,40.83,4.56
2018,MIS,83,Univ of New Hampshire,US,1,450,171.5,378,,
2018,MIS,84,Worcester Polytechnic Inst,US,1,450,183.7,405,47.00,42.10
2018,MIS,85,Texas Tech Univ,US,1,650,200.0,441,4.50,3.50
2018,MIS,86,California State Poly Univ - Pomona,US,4,600,201.4,444,100.00,41.27
2018,MIS,87,Washington State Univ,US,4,600,235.9,520,4.50,20.84
2018,MIS,88,Cegep du Vieux - Montreal,CA,4,600,198.2,437,76.88,21.46
2018,MIS,89,Cooper Union,US,4,600,195.5,431,4.50,
2018,MIS,91,Univ of North Florida,US,4,600,210.9,465,56.05,24.35
2018,MIS,92,Univ of Cincinnati,US,1,475,173.3,382,58.94,26.60
2018,MIS,93,Kansas State Univ,US,3,675,,,,
2018,MIS,94,Ferris State University,US,4,600,234.5,517,28.85,20.04
2018,MIS,96,Bradley Univ,US,2,500,227.2,501,,
2018,MIS,97,Dalhousie Univ,CA,1,450,163.7,361,,
2018,MIS,98,Purdue Univ - W Lafayette,US,4,600,197.8,436,51.56,39.66
2018,MIS,99,Villanova Univ,US,4,600,192.8,425,94.24,39.81
2018,MIS,101,Central Michigan Univ,US,4,600,227.7,502,46.68,35.24
2018,MIS,102,Technical Univ of Munich,DE,1,510,152.4,336,57.63,45.34
2018,MIS,103,Universite Du Quebec-Chicoutimi,CA,2,500,224.5,495,4.50,29.08
2018,MIS,104,Saginaw Valley State Univ,US,4,600,204.6,451,66.06,32.22
2018,MIS,105,Oakland University,US,4,600,215.0,474,,
2018,MIS,106,Mississippi State Univ,US,4,600,260.8,575,4.50,3.50
2018,MIS,107,Rutgers Univ,US,1,450,184.6,407,65.43,41.70
2018,MIS,108,Northwestern Univ,US,4,600,212.3,468,25.31,3.50
2018,MIS,109,AGH Univ of Science and Technology,PL,4,600,201.8,445,75.24,51.31
2018,MIS,110,Universidad Autonoma Estado Mexico,MX,1,450,223.2,492,,
2018,MIS,111,Duke Univ,US,4,600,187.8,414,5.55,27.49
2018,MIS,112,Western Michigan Univ,US,4,600,221.8,489,14.07,7.77
2018,MIS,114,Bialystok University of Technology,PL,4,600,197.3,435,71.49,39.73
2018,MIS,115,Univ of Victoria,CA,4,600,224.5,495,72.57,23.94
2018,MIS,117,Penn State Univ - Harrisburg,US,4,600,239.5,528,76.16,30.71
2018,MIS,118,Alabama A & M Univ,US,4,600,230.0,507,43.56,8.67
2018,MIS,119,Univ of Manitoba,CA,4,600,224.5,495,,
2018,MIS,121,The Ohio State University,US,4,600,189.6,418,72.83,12.30
2018,MIS,122,Univ of Waterloo,US,4,600,218.6,482,81.36,34.13
2018,MIS,123,Univ of Minnesota-Duluth,US,1,625,,,,
2018,MIS,124,Temple Univ,US,4,600,217.3,479,44.01,22.81
2018,MIS,126,Univ of Nebraska - Lincoln,US,4,635,211.4,466,51.81,29.02
2018,MIS,127,Univ of Kansas - Lawrence,US,4,600,222.7,491,,
2018,MIS,128,South Dakota State Univ,US,4,600,223.2,492,23.29,3.50
2018,MIS,129,Missouri University of Science and Tech,US,4,600,202.8,447,99.69,47.79
2018,MIS,132,Universidad Nacional Autónoma de México,MX,4,600,205.9,454,,
2018,MIS,134,California State Univ - Fullerton,US,2,680,210.9,465,,
2018,MIS,135,Univ of South Florida,US,4,600,210.9,465,63.36,25.41
2018,MIS,136,Faculdade de Engenharia de Sorocaba,BR,4,600,207.7,458,64.88,27.43
2017,MIS,1,Universitat Stuttgart,GER,4,600,185,408,81.49,56.66
2017,MIS,2,Graz Technical Univ,AUT,1,510,156,345,73.90,62.36
2017,MIS,3,U A S Graz,AUT,2,600,217,478,80.24,57.31
2017,MIS,4,Oregon State Univ,USA,1,450,134,296,87.52,75.00
2017,MIS,5,Michigan State Univ,USA,4,600,186,411,98.88,54.54
2017,MIS,6,Univ of Wisconsin - Madison,USA,1,450,164,362,70.60,46.09
2017,MIS,7,Missouri University of Science and Tech,USA,4,600,192,424,83.89,63.03
2017,MIS,8,Univ of Michigan - Dearborn,USA,2,500,,,,
2017,MIS,9,Univ of Florida,USA,4,600,201,444,90.96,41.62
2017,MIS,11,Universidade de Sao Paulo,BRA,1,450,210,462,44.86,45.96
2017,MIS,13,Technical Univ of Munich,GER,1,560,160,353,71.49,63.03
2017,MIS,14,Florida Atlantic Univ,USA,4,600,217,478,74.26,15.23
2017,MIS,15,Univ of Alabama - Tuscaloosa,USA,4,600,187,412,91.58,16.50
2017,MIS,16,San Jose State University,USA,3,675,197,434,97.66,54.40
2017,MIS,17,Auburn Univ,USA,2,690,,,,
2017,MIS,18,Univ of Illinois - Chicago,USA,4,600,209,460,,3.50
2017,MIS,19,Mississippi State Univ,USA,4,600,236,520,45.61,3.50
2017,MIS,20,Minnesota State University - Mankato,USA,1,450,195,429,51.75,40.32
2017,MIS,21,Brown Univ,USA,4,600,201,443,90.53,3.50
2017,MIS,22,Villanova Univ,USA,4,600,205,451,91.54,33.49
2017,MIS,23,Univ of Missouri,USA,4,600,230,508,81.31,31.19
2017,MIS,24,Purdue Univ - Northwest,USA,4,600,263,580,4.50,3.50
2017,MIS,25,Michigan Tech Univ,USA,2,500,195,429,69.82,24.02
2017,MIS,26,Columbia Univ,USA,4,600,,,,
2017,MIS,27,South Dakota School of Mines & Tech,USA,1,450,202,446,32.41,9.81
2017,MIS,29,Washington Univ - St Louis,USA,4,600,215,474,78.47,15.62
2017,MIS,30,Lehigh Univ,USA,1,450,182,401,4.50,3.50
2017,MIS,31,Univ of Louisiana - Lafayette,USA,4,600,240,530,4.50,3.50
2017,MIS,32,Louisiana State Univ,USA,4,600,209,461,69.76,35.13
2017,MIS,33,Univ of Maryland - College Park,USA,4,600,203,447,55.24,20.74
2017,MIS,34,Grand Valley State Univ,USA,4,600,258,569,54.27,7.08
2017,MIS,35,York College of Pennsylvania,USA,2,450,193,425,32.91,16.15
2017,MIS,36,Colorado Mesa University,USA,4,600,239,528,,
2017,MIS,37,Univ of British Columbia,CAN,4,600,203,447,87.14,45.70
2017,MIS,38,Rensselaer Polytechnic Inst,USA,4,600,191,421,65.90,21.77
2017,MIS,39,Western Michigan Univ,USA,4,636,210,464,70.75,23.86
2017,MIS,40,Univ of North Florida,USA,4,600,215,474,56.84,34.36
2017,MIS,41,Lawrence Technological Univ,USA,4,600,233,513,61.83,30.68
2017,MIS,42,Western University,CAN,4,600,225,495,62.48,40.26
2017,MIS,43,Georgia Institute of Technology,USA,4,600,,,,
2017,MIS,44,Univ of Guelph,CAN,4,600,219,482,60.68,10.76
2017,MIS,45,St Cloud State Univ,USA,2,650,258,568,,
2017,MIS,46,US Naval Academy,USA,2,500,200,441,71.30,10.03
2017,MIS,47,National Univ of Singapore,SIN,4,600,209,461,95.97,47.08
2017,MIS,48,Univ of Connecticut,USA,4,600,215,474,82.99,32.28
2017,MIS,49,Univ of Illinois - Urbana Champaign,USA,4,600,197,434,91.96,54.26
2017,MIS,50,Rutgers Univ,USA,1,450,186,411,54.55,37.87
2017,MIS,51,Carleton Univ,CAN,1,450,163,360,77.31,56.88
2017,MIS,52,Univ of Minnesota-Duluth,USA,1,570,202,445,44.79,21.20
2017,MIS,53,Univ of Toledo,USA,1,450,180,396,,
2017,MIS,54,Univ of Kansas - Lawrence,USA,4,600,207,456,77.87,22.91
2017,MIS,55,Tennessee Tech Univ,USA,2,700,203,447,19.32,33.60
2017,MIS,56,Univ of South Florida,USA,1,450,182,401,,
2017,MIS,57,Univ of Victoria,CAN,4,600,219,483,67.79,39.70
2017,MIS,58,Universite de Sherbrooke,CAN,2,500,203,447,69.15,20.54
2017,MIS,59,Purdue Univ - W Lafayette,USA,4,600,224,493,76.52,16.40
2017,MIS,60,The Ohio State University,USA,4,600,203,447,80.01,54.40
2017,MIS,61,Northwestern Univ,USA,2,470,207,456,,
2017,MIS,62,Cooper Union,USA,4,600,222,490,58.91,3.50
2017,MIS,63,McGill Univ,CAN,1,450,,,,
2017,MIS,64,Penn State Univ - Harrisburg,USA,1,686,279,615,,
2017,MIS,65,Univ of Akron,USA,1,450,170,375,69.93,34.89
2017,MIS,66,Dalhousie Univ,CAN,1,450,,,,
2017,MIS,67,Rochester Institute of Technology,USA,1,450,166,366,74.74,60.80
2017,MIS,69,Univ of Pittsburgh - Pittsburgh,USA,4,600,220,486,69.01,40.26
2017,MIS,70,Universidad Metropolitana,VEN,4,600,286,631,,12.20
2017,MIS,71,Temple Univ,USA,4,600,219,483,60.83,3.50
2017,MIS,72,Saginaw Valley State Univ,USA,4,600,204,449,97.16,45.45
2017,MIS,73,Embry-Riddle Aero Univ - Daytona Beach,USA,4,600,231,509,39.94,26.86
2017,MIS,75,Univ of New Brunswick,CAN,4,600,,,,
2017,MIS,76,Univ of Hartford,USA,1,450,182,401,32.34,27.90
2017,MIS,77,Rose Hulman Inst of Tech,USA,1,450,166,367,57.08,19.68
2017,MIS,78,Polytechnique Montréal,CAN,1,450,178,392,59.90,40.01
2017,MIS,79,Univ of New Hampshire,USA,1,450,168,371,51.21,25.56
2017,MIS,80,Ryerson Univ,CAN,4,600,217,479,62.88,24.07
2017,MIS,81,Virginia Tech,USA,1,450,166,365,60.87,50.75
2017,MIS,82,Univ of Cincinnati,USA,1,480,180,396,61.68,40.26
2017,MIS,83,Kookmin Univ,KOR,4,600,217,478,85.49,56.88
2017,MIS,84,Univ of Toronto,CAN,1,450,171,378,60.87,39.27
2017,MIS,85,Univ of Kentucky,USA,4,600,229,504,35.68,
2017,MIS,86,Indiana Univ Purdue Univ Indianapolis,USA,4,600,199,438,55.15,10.95
2017,MIS,87,West Virginia Univ,USA,1,450,207,457,10.69,9.08
2017,MIS,88,Ecole De Technologie Superieure,CAN,1,430,133,293,88.06,52.73
2017,MIS,89,Lakehead Univ,CAN,4,600,257,567,,
2017,MIS,90,Univ of Massachusetts - Lowell,USA,4,600,292,644,,
2017,MIS,91,Saint Louis Univ,USA,4,600,349,769,4.50,
2017,MIS,92,Kansas State Univ,USA,3,675,225,497,31.57,3.50
2017,MIS,93,US Air Force Academy,USA,1,450,207,456,46.64,14.99
2017,MIS,94,Stevens Inst of Tech,USA,4,600,274,605,46.00,19.83
2017,MIS,96,Universite Du Quebec a Trois-Rivieres,CAN,4,600,202,446,67.46,40.01
2017,MIS,97,Kettering Univ,USA,1,450,168,370,74.82,39.27
2017,MIS,98,Univ of Puerto Rico-Mayaquez,USA,4,600,228,503,40.30,10.76
2017,MIS,99,Cornell Univ,USA,4,600,186,411,100.00,40.69
2017,MIS,100,Univ of British Columbia - Okangan,CAN,4,600,312,688,49.29,3.50
2017,MIS,101,North Dakota State Univ,USA,1,510,251,554,28.05,3.50
2017,MIS,102,Duke Univ,USA,4,600,199,438,66.65,39.64
2017,MIS,103,Univ of Central Florida,USA,4,635,215,475,41.03,53.15
2017,MIS,104,Univ of Evansville,USA,1,570,229,505,14.96,23.70
2017,MIS,105,Univ of Minnesota - Twin Cities,USA,4,600,212,467,69.30,56.80
2017,MIS,106,Universidad Autonoma Estado Mexico,MEX,1,440,230,506,,
2017,MIS,107,Universidad Central de Venezuela,VEN,1,450,,,,
2017,MIS,108,Washington State Univ,USA,4,600,233,514,4.50,6.99
2017,MIS,109,Clemson Univ,USA,4,600,219,483,40.33,9.94
2017,MIS,110,Univ of Manitoba,CAN,4,600,215,475,34.55,12.20
2017,MIS,111,Univ of Michigan - Ann Arbor,USA,4,600,196,433,97.84,44.35
2017,MIS,112,Ferris State University,USA,4,600,229,504,4.50,4.22
2017,MIS,113,Central Michigan Univ,USA,4,600,225,495,76.41,11.97
2017,MIS,114,Florida Inst of Tech,USA,4,600,235,519,58.24,3.50
2017,MIS,115,Universidad Simon Bolivar,VEN,4,600,235,518,65.08,19.27
2017,MIS,116,South Dakota State Univ,USA,4,600,,,,
2017,MIS,117,Texas Tech Univ,USA,1,650,198,436,,
2017,MIS,118,Bradley Univ,USA,2,500,,,,
2017,MIS,120,Oakland University,USA,4,600,239,527,,
2017,MIS,121,Texas State University-San Marcos,USA,3,675,,,,
2017,MIS,122,Penn State Univ - University Park,USA,4,600,207,456,63.20,31.76
2017,MIS,123,Queen's Univ - Ontario Canada,CAN,4,600,230,507,39.09,28.84
2017,MIS,124,North Carolina State Univ - Raleigh,USA,4,600,205,452,74.10,47.08
2017,MIS,125,Univ of Nebraska - Lincoln,USA,4,636,208,459,,
2017,MIS,126,Univ of Waterloo,CAN,4,600,204,449,98.66,25.40
2017,MIS,128,Cegep du Vieux - Montreal,CAN,4,600,,,,
2016,MIS,1,Oregon State Univ,US,1,450,147,325,60.77,48.83
2016,MIS,2,Univ of Florida,US,4,600,202,445,64.27,23.72
2016,MIS,3,Graz Technical Univ,AT,1,500,164,362,58.54,38.60
2016,MIS,4,Kookmin Univ,KR,4,600,232,511,52.94,29.04
2016,MIS,5,Univ of Michigan - Ann Arbor,US,4,600,191,421,8.30,8.28
2016,MIS,6,Virginia Tech,US,1,450,174,384,48.30,33.81
2016,MIS,7,National Univ of Singapore,SG,4,600,210,463,44.50,34.13
2016,MIS,8,Univ of Michigan - Dearborn,US,2,500,200,441,60.86,36.62
2016,MIS,10,Western University,CA,4,600,222,489,,
2016,MIS,11,Polytechnique Montréal,CA,1,450,189,417,43.96,16.42
2016,MIS,12,FH - Joanneum Graz,AT,2,600,211,465,69.80,41.43
2016,MIS,13,Faculdade de Engenharia de Sorocaba,BR,4,600,243,536,51.30,19.86
2016,MIS,14,Universitat Stuttgart,DE,4,600,176,388,61.00,50.00
2016,MIS,15,Univ of Wisconsin - Madison,US,1,600,177,390,53.67,30.04
2016,MIS,16,Missouri University of Science and Tech,US,4,600,207,457,46.86,32.85
2016,MIS,17,Universit Degli Studi Di Brescia,IT,2,550,196,432,43.00,15.95
2016,MIS,18,Florida Atlantic Univ,US,4,600,221,487,63.00,16.92
2016,MIS,19,Texas Tech Univ,US,1,450,195,430,27.93,15.77
2016,MIS,20,Univ of Kansas - Lawrence,US,4,600,219,483,45.36,6.57
2016,MIS,21,Univ of Victoria,CA,4,600,230,508,56.05,7.28
2016,MIS,22,Univ of New Hampshire,US,1,450,206,454,19.71,5.47
2016,MIS,23,Michigan State Univ,US,4,600,194,427,75.00,33.26
2016,MIS,25,Central Michigan Univ,US,4,600,246,543,53.37,7.53
2016,MIS,26,Univ of Central Florida,US,4,600,210,463,48.71,21.00
2016,MIS,27,Lafayette College,US,1,450,223,492,15.00,2.50
2016,MIS,29,West Virginia Univ,US,1,450,191,420,,22.29
2016,MIS,30,Universite Du Quebec a Trois-Rivieres,CA,4,600,197,434,,6.20
2016,MIS,32,Univ of Maryland - College Park,US,4,600,229,504,37.98,15.92
2016,MIS,33,Ferris State University,US,4,600,230,507,,2.50
2016,MIS,34,Louisiana State Univ,US,4,600,202,445,51.43,26.04
2016,MIS,35,Universidad Metropolitana,VE,4,600,,,,
2016,MIS,36,Turabo Univ,US,4,600,268,590,,
2016,MIS,37,Penn State Univ - University Park,US,4,600,220,485,57.46,30.30
2016,MIS,38,Univ of Puerto Rico-Mayaquez,US,,,,,,
2016,MIS,39,McGill Univ,CA,1,450,164,361,46.90,13.95
2016,MIS,40,Rose Hulman Inst of Tech,US,1,450,153,338,,23.28
2016,MIS,41,York College of Pa,US,2,450,,,,
2016,MIS,42,Univ of Pittsburgh - Pittsburgh,US,4,600,215,473,60.72,13.26
2016,MIS,43,California Polytechnic State Univ-SLO,US,1,450,188,414,37.44,14.43
2016,MIS,44,Clemson Univ,US,4,600,214,471,47.02,20.93
2016,MIS,45,Queen's Univ - Ontario Canada,CA,4,600,218,481,49.73,2.50
2016,MIS,46,Rensselaer Polytechnic Inst,US,4,600,197,434,,
2016,MIS,47,The Ohio State University,US,4,600,199,439,51.64,31.59
2016,MIS,48,Georgia Southern Univ,US,1,525,190,418,38.71,12.51
2016,MIS,49,Tennessee Tech Univ,US,2,600,216,476,29.36,16.64
2016,MIS,50,Lakehead Univ,CA,4,600,248,547,,5.56
2016,MIS,51,Purdue Univ - Calumet,US,4,600,283,623,3.50,2.50
2016,MIS,52,Univ of Minnesota - Twin Cities,US,4,600,214,471,56.36,36.10
2016,MIS,53,Brown Univ,US,4,600,209,460,,
2016,MIS,54,Oklahoma State Univ,US,1,450,171,377,,2.50
2016,MIS,55,Lawrence Technological Univ,US,2,450,190,419,,
2016,MIS,56,Univ of Saskatchewan,CA,4,600,203,447,,2.50
2016,MIS,57,US Naval Academy,US,2,500,206,454,50.80,2.50
2016,MIS,58,Worcester Polytechnic Inst,US,1,450,224,493,,5.74
2016,MIS,59,Univ of North Carolina - Charlotte,US,1,500,191,421,38.53,17.36
2016,MIS,60,Washington Univ - St Louis,US,4,600,218,480,58.09,8.50
2016,MIS,61,Rochester Institute of Technology,US,1,450,168,370,50.68,28.70
2016,MIS,62,Universite de Sherbrooke,CA,2,500,219,482,48.18,5.89
2016,MIS,63,Ryerson Univ,CA,4,600,209,460,,
2016,MIS,64,Mississippi State Univ,US,4,600,,,,
2016,MIS,65,US Air Force Academy,US,1,450,176,388,3.50,9.40
2016,MIS,66,Kettering Univ,US,1,450,176,388,42.65,19.06
2016,MIS,67,Purdue Univ - W Lafayette,US,4,600,209,461,,
2016,MIS,68,Hope College,US,4,600,312,688,20.85,13.36
2016,MIS,69,Kennesaw State University,US,4,600,176,389,38.93,31.63
2016,MIS,70,Univ of Evansville,US,1,570,,,,
2016,MIS,72,Univ of North Florida,US,4,600,211,465,,
2016,MIS,73,Florida International Univ,US,1,450,172,379,11.94,17.54
2016,MIS,74,Univ of Cincinnati,US,1,450,185,408,43.38,31.10
2016,MIS,75,Old Dominion Univ,US,4,600,236,521,,
2016,MIS,76,Univ of Alabama - Tuscaloosa,US,4,600,226,498,36.44,14.19
2016,MIS,77,Clarkson University,US,4,600,240,529,12.26,2.50
2016,MIS,78,North Carolina State Univ - Raleigh,US,4,600,230,507,59.71,26.79
2016,MIS,79,Villanova Univ,US,4,600,201,443,72.24,17.73
2016,MIS,80,Univ of Texas - Arlington,US,4,600,216,476,67.32,26.91
2016,MIS,81,Auburn Univ,US,4,600,191,421,73.01,34.64
2016,MIS,82,Cooper Union,US,4,600,205,451,39.48,10.31
2016,MIS,83,Univ of South Florida,US,1,450,167,368,56.89,9.95
2016,MIS,85,Concordia University,CA,4,600,232,512,54.01,27.04
2016,MIS,87,Univ of Missouri,US,4,600,212,467,44.34,23.72
2016,MIS,88,Université Laval,CA,4,600,183,404,62.48,22.41
2016,MIS,89,Univ of Utah,US,1,570,195,430,,
2016,MIS,90,Colorado Mesa University,US,4,600,240,530,,
2016,MIS,91,Georgia Institute of Technology,US,4,600,222,489,51.18,27.04
2016,MIS,92,Wayne State Univ,US,4,600,211,465,35.24,10.14
2016,MIS,93,Fachhochschule Hamburg,DE,4,600,205,453,61.88,34.55
2016,MIS,94,Florida Inst of Tech,US,4,600,243,536,49.52,2.50
2016,MIS,95,Columbia Univ,US,4,600,212,467,65.14,7.56
2016,MIS,96,Michigan Tech Univ,US,2,500,217,478,50.88,20.16
2016,MIS,97,Minnesota State University - Mankato,US,1,450,189,417,43.69,20.27
2016,MIS,98,Embry-Riddle Aero Univ - Daytona Beach,US,4,600,219,483,56.53,11.03
2016,MIS,99,Duke Univ,US,4,600,195,431,40.36,12.40
2016,MIS,100,Saginaw Valley State Univ,US,4,600,206,455,58.40,25.38
2016,MIS,101,Universidad Simon Bolivar,VE,4,600,231,509,25.49,26.83
2016,MIS,102,Rutgers Univ,US,1,450,196,432,,
2016,MIS,103,Southern Illinois Univ - Edwardville,US,4,600,,,,
2016,MIS,104,Univ of Illinois - Urbana Champaign,US,4,600,216,476,,
2016,MIS,105,Univ of Connecticut,US,4,600,205,452,59.03,12.24
2016,MIS,106,Lehigh Univ,US,1,450,,,,
2016,MIS,107,Univ of Minnesota-Duluth,US,1,570,209,461,32.18,2.50
2016,MIS,108,Univ of Hartford,US,1,450,186,409,,2.50
2016,MIS,109,Bradley Univ,US,2,500,223,492,,
2016,MIS,112,Universidad Autonoma Estado Mexico,MX,1,450,,,,2.50
2016,MIS,113,Univ of Guelph,CA,4,600,219,482,,2.50
2016,MIS,114,Universite Du Quebec-Chicoutimi,CA,2,500,205,452,37.05,3.42
2016,MIS,115,Cornell Univ,US,4,600,192,423,69.70,26.37
2016,MIS,116,Univ of Toledo,US,4,600,213,470,62.06,33.21
2016,MIS,117,Univ of Windsor,CA,1,450,,,,
2016,MIS,118,Univ of Waterloo,CA,4,600,211,465,11.71,2.50
2016,MIS,120,Univ of Toronto,CA,1,450,161,355,42.08,12.91
2016,MIS,121,Univ of Kentucky,US,4,600,241,531,51.43,2.50
2016,MIS,122,Univ of British Columbia,CA,4,600,235,518,62.81,25.92
2016,MIS,123,Kansas State Univ,US,1,450,192,423,3.50,11.30
2016,MIS,124,South Dakota State Univ,US,4,600,213,470,57.95,28.70
2016,MIS,127,Washington State Univ,US,4,600,275,606,,
2016,MIS,128,San Jose State University,US,4,600,196,432,45.75,40.38
2016,MIS,129,Carleton Univ,CA,1,450,166,367,,17.11
2016,MIS,130,Ecole De Technologie Superieure,CA,1,450,146,322,42.27,40.63
2016,MIS,132,Northwestern Univ,US,2,500,219,483,44.58,8.89
2016,MIS,138,Univ of Akron,US,1,450,158,348,58.36,37.63
2015,MIS,1,Oregon State Univ,US,1,450,156,345,54.57,21.00
2015,MIS,5,Univ of Akron,US,1,450,171,378,56.60,37.73
2015,MIS,7,Auburn Univ,US,4,600,178,392,56.73,23.89
2015,MIS,8,Univ of Michigan - Ann Arbor,US,4,600,190,419,72.42,29.57
2015,MIS,9,Univ of Florida,US,4,600,201,443,75.00,16.89
2015,MIS,11,Universidade Estadual de Campinas,BR,4,600,207,457,72.99,24.93
2015,MIS,12,Michigan State Univ,US,4,600,216,477,61.51,33.42
2015,MIS,13,Univ of Wisconsin - Madison,US,1,605,174,383,42.19,27.10
2015,MIS,14,Univ of Kansas - Lawrence,US,4,600,199,439,,
2015,MIS,15,Kettering Univ,US,1,450,155,342,36.32,25.01
2015,MIS,16,Graz Technical Univ,AT,1,510,154,339,63.32,47.37
2015,MIS,17,Univ of Toledo,US,4,600,207,456,51.30,2.50
2015,MIS,18,San Jose State University,US,4,600,197,435,53.47,50.00
2015,MIS,19,Ecole De Technologie Superieure,CA,1,480,151,333,18.73,47.42
2015,MIS,20,Worcester Polytechnic Inst,US,2,500,234,515,3.50,2.50
2015,MIS,21,Univ of Illinois - Urbana Champaign,US,4,600,216,477,58.98,18.13
2015,MIS,22,US Naval Academy,US,2,500,214,472,42.49,6.98
2015,MIS,23,Ferris State University,US,4,600,235,518,,
2015,MIS,24,Brown Univ,US,4,600,204,450,,
2015,MIS,25,Georgia Institute of Technology,US,4,600,215,473,38.20,3.80
2015,MIS,26,Georgia Southern Univ,US,1,510,163,359,54.96,27.37
2015,MIS,27,Louisiana State Univ,US,4,600,209,461,47.66,22.04
2015,MIS,29,Lehigh Univ,US,1,450,176,387,,
2015,MIS,30,Univ of Missouri,US,4,600,207,456,44.84,13.77
2015,MIS,31,Bradley Univ,US,2,500,220,486,38.95,9.48
2015,MIS,32,Rose Hulman Inst of Tech,US,4,600,199,439,39.75,32.71
2015,MIS,33,West Virginia Univ,US,1,450,208,459,34.90,2.50
2015,MIS,34,Lafayette College,US,1,450,,,,
2015,MIS,35,Southern Illinois Univ - Edwardville,US,1,500,221,487,,
2015,MIS,36,Univ of North Florida,US,4,600,216,477,27.98,2.50
2015,MIS,37,Univ of Connecticut,US,4,600,191,422,55.73,2.50
2015,MIS,38,National Univ of Singapore,SG,4,600,214,471,74.95,20.47
2015,MIS,39,Univ of Kentucky,US,4,600,,,,
2015,MIS,40,Univ of Central Florida,US,4,600,202,445,43.85,14.56
2015,MIS,41,Old Dominion Univ,US,4,600,269,594,,
2015,MIS,42,Florida International Univ,US,1,450,188,415,,
2015,MIS,43,Columbia Univ,US,4,600,219,482,46.51,10.43
2015,MIS,44,Western Michigan Univ,US,1,450,193,425,,
2015,MIS,45,Tennessee Tech Univ,US,1,570,256,565,12.23,8.01
2015,MIS,46,McGill Univ,CA,1,450,160,352,,
2015,MIS,47,Univ of South Florida,US,1,540,162,357,,
2015,MIS,48,Washington Univ - St Louis,US,4,600,218,481,49.54,11.86
2015,MIS,49,Univ of Toronto,CA,1,450,164,361,24.46,9.77
2015,MIS,50,Missouri University of Science and Tech,US,4,600,200,442,40.67,37.95
2015,MIS,51,Univ of Cincinnati,US,1,475,172,380,29.88,20.90
2015,MIS,52,Colorado Mesa University,US,4,600,212,467,,
2015,MIS,53,Kookmin Univ,KR,4,600,210,463,59.38,35.24
2015,MIS,54,Univ of Evansville,US,1,480,177,391,,
2015,MIS,55,Universidad Central de Venezuela,VE,1,450,205,453,8.64,2.50
2015,MIS,56,Central Michigan Univ,US,4,600,268,590,36.60,5.58
2015,MIS,57,Texas Tech Univ,US,1,450,171,376,,
2015,MIS,58,Polytechnique Montréal,CA,1,450,198,436,,
2015,MIS,59,Univ of Minnesota - Twin Cities,US,4,600,205,453,54.49,22.65
2015,MIS,60,Univ of Illinois - Chicago,US,4,600,197,434,,
2015,MIS,61,Rutgers Univ,US,1,450,175,386,,
2015,MIS,62,Ohio State Univ,US,4,600,186,410,43.47,28.90
2015,MIS,63,Duke Univ,US,4,600,193,425,48.66,18.71
2015,MIS,64,Univ of Alabama - Tuscaloosa,US,4,600,230,507,,
2015,MIS,65,Minnesota State University - Mankato,US,1,450,205,451,30.43,10.28
2015,MIS,66,North Carolina State Univ - Raleigh,US,4,600,220,486,27.63,11.83
2015,MIS,67,Queen's Univ - Ontario Canada,CA,4,600,211,466,,
2015,MIS,68,Lakehead Univ,CA,4,600,247,545,46.28,8.65
2015,MIS,69,Univ of Waterloo,CA,4,600,202,446,,
2015,MIS,70,Kennesaw State University,US,4,600,176,388,42.04,5.27
2015,MIS,71,Univ of Pittsburgh - Pittsburgh,US,4,600,220,484,58.18,26.71
2015,MIS,72,Univ of Michigan - Dearborn,US,2,500,207,457,52.84,24.49
2015,MIS,73,Saginaw Valley State Univ,US,4,600,209,460,62.34,31.39
2015,MIS,74,North Dakota State Univ,US,1,510,208,459,,
2015,MIS,76,Universite Du Quebec a Trois-Rivieres,CA,4,600,202,445,41.18,25.54
2015,MIS,77,Cegep du Vieux - Montreal,CA,4,600,207,456,39.10,7.64
2015,MIS,78,Universite Du Quebec-Chicoutimi,CA,2,500,190,419,3.50,4.29
2015,MIS,79,St Cloud State Univ,US,2,500,291,642,,
2015,MIS,80,Kansas State Univ,US,1,450,,,,
2015,MIS,81,Universidad Simon Bolivar,VE,4,600,230,506,33.80,7.90
2015,MIS,82,Clemson Univ,US,4,600,193,426,,
2015,MIS,83,Oakland University,US,4,600,216,477,,
2015,MIS,84,Grand Valley State Univ,US,4,600,268,590,,
2015,MIS,85,Villanova Univ,US,4,600,184,405,64.02,19.85
2015,MIS,86,Cooper Union,US,4,600,210,463,,
2015,MIS,87,Stevens Inst of Tech,US,4,600,277,611,,
2015,MIS,88,Dalhousie Univ,CA,4,600,216,477,,
2015,MIS,90,Univ of North Carolina - Charlotte,US,1,510,167,368,,
2015,MIS,91,Univ of New Hampshire,US,1,450,,,,
2015,MIS,92,Clarkson University,US,4,600,,,,
2015,MIS,93,Univ of St Thomas,US,4,600,249,548,,
2015,MIS,94,Oklahoma State Univ,US,1,450,173,381,,
2015,MIS,95,Wayne State Univ,US,4,600,205,453,,
2015,MIS,96,Penn State Univ - University Park,US,4,600,222,490,39.53,12.95
2015,MIS,97,Univ of Guelph,CA,4,600,215,473,,
2015,MIS,98,Embry-Riddle Aero Univ - Daytona Beach,US,4,600,,,,
2015,MIS,99,York College of Pa,US,1,450,190,418,,
2015,MIS,100,Northern Illinois Univ,US,4,600,216,477,,
2015,MIS,101,Wroclaw University of Technology,PL,4,600,218,481,67.21,21.22
2015,MIS,102,Florida Inst of Tech,US,4,600,242,534,,
2015,MIS,103,Northwestern Univ,US,2,470,207,457,34.11,2.50
2015,MIS,104,Washington State Univ,US,1,450,211,466,,
2015,MIS,105,Univ of Hartford,US,1,450,,,,
2015,MIS,106,South Dakota State Univ,US,4,600,211,466,41.29,20.83
2015,MIS,107,Univ of Utah,US,1,570,211,465,,
2015,MIS,109,Univ of Oklahoma,US,1,450,164,362,,
2015,MIS,110,Virginia Tech,US,1,450,169,372,40.11,21.97
2015,MIS,111,Universidad Autonoma Estado Mexico,MX,1,440,210,464,,
2015,MIS,112,Hope College,US,4,600,,,,
2015,MIS,113,Temple Univ,US,4,600,230,508,,
2015,MIS,114,Michigan Tech Univ,US,2,500,211,465,49.95,12.82
2015,MIS,115,Rochester Institute of Technology,US,1,450,164,361,38.95,32.46
2015,MIS,116,Universidad Metropolitana,VE,4,600,209,460,,
2015,MIS,117,Western University,CA,4,600,218,481,42.82,33.75
2015,MIS,119,Univ of Victoria,CA,4,600,239,528,60.60,19.02
2015,MIS,120,Univ of Maryland - College Park,US,4,600,226,499,50.15,20.62
2015,MIS,121,Lawrence Technological Univ,US,2,450,175,386,,
2015,MIS,122,Indiana Univ Purdue Univ Indianapolis,US,4,600,229,505,42.75,11.28
2015,MIS,123,Florida Atlantic Univ,US,4,610,237,522,47.86,20.51
2015,MIS,125,Purdue Univ - W Lafayette,US,4,600,220,486,60.42,
2015,MIS,126,Cornell Univ,US,4,600,215,474,65.82,
2015,MIS,127,Univ of Manitoba,CA,4,600,193,425,,
2015,MIS,129,Univ of Texas - Arlington,US,1,450,179,395,38.05,18.74
2015,MIS,134,Mississippi State Univ,US,4,600,230,506,22.39,12.39
2014,MIS,1,Universitat Stuttgart,GER,4,600,172,380,58.96,40.38
2014,MIS,3,Univ of Akron,USA,1,450,160,353,52.51,34.98
2014,MIS,4,Ecole De Technologie Superieure,CAN,1,250,145,320,21.30,43.75
2014,MIS,5,Université Laval,CAN,4,600,184,406,58.74,39.32
2014,MIS,6,Cornell Univ,USA,4,600,194,427,59.22,37.85
2014,MIS,8,Centro Universitario Da FEI,BRA,1,450,180,396,59.72,38.94
2014,MIS,9,Michigan State Univ,USA,4,600,227,501,52.05,19.02
2014,MIS,10,Univ of Florida,USA,4,600,196,432,55.38,30.01
2014,MIS,11,Instituto Maua de Tecnologia,BRA,4,600,245,541,51.52,26.93
2014,MIS,12,Auburn Univ,USA,4,600,175,386,59.85,27.83
2014,MIS,13,Missouri University of Science and Tech,USA,4,600,205,452,58.34,35.16
2014,MIS,14,Karlsruhe Institute of Technology,GER,2,595,198,437,34.56,38.32
2014,MIS,15,Univ of Kansas - Lawrence,USA,4,600,210,463,64.20,31.95
2014,MIS,16,Kettering Univ,USA,1,450,168,371,,
2014,MIS,17,Univ of Illinois - Urbana Champaign,USA,4,600,221,487,62.72,20.94
2014,MIS,18,UAS Esslingen,GER,4,600,,,,
2014,MIS,19,Univ of Cincinnati,USA,1,450,,,,
2014,MIS,20,Univ of South Florida,USA,1,450,169,372,33.81,17.01
2014,MIS,21,Technical Univ of Munich,GER,4,600,178,393,61.20,38.08
2014,MIS,22,California State Poly Univ - Pomona,USA,4,600,192,423,54.57,28.29
2014,MIS,23,Oregon State Univ,USA,1,450,162,357,59.09,50.00
2014,MIS,24,Universidad Central de Venezuela,VEN,1,450,228,503,16.49,
2014,MIS,25,Universidad Simon Bolivar,VEN,4,600,232,512,40.68,19.35
2014,MIS,26,US Naval Academy,USA,2,450,180,396,23.10,2.50
2014,MIS,27,US Air Force Academy,USA,1,525,167,368,,
2014,MIS,29,Universidad Fermin Toro,VEN,,,,,,
2014,MIS,30,Brown Univ,USA,4,600,204,450,,
2014,MIS,31,Georgia Institute of Technology,USA,4,600,205,452,38.62,8.27
2014,MIS,32,Univ of Minnesota - Twin Cities,USA,4,600,208,458,48.44,15.20
2014,MIS,33,Yeungnam Univ,KOR,4,600,248,547,,
2014,MIS,34,Carleton Univ,CAN,1,250,197,435,14.51,17.33
2014,MIS,36,Univ of Michigan - Ann Arbor,USA,4,600,212,468,56.24,22.61
2014,MIS,37,Univ of New Hampshire,USA,1,450,213,469,28.71,10.85
2014,MIS,38,National Univ of Singapore,SIN,4,600,203,448,69.68,17.37
2014,MIS,39,Univ of Toronto,CAN,1,450,156,345,3.50,
2014,MIS,40,Kumoh National Institute of Technology,KOR,4,600,237,523,,
2014,MIS,41,Univ of Pittsburgh - Pittsburgh,USA,4,600,209,461,53.30,
2014,MIS,42,Villanova Univ,USA,4,600,196,433,43.96,9.70
2014,MIS,43,San Jose State University,USA,4,600,204,449,58.21,30.70
2014,MIS,44,Ohio State Univ,USA,4,600,194,428,61.43,26.40
2014,MIS,45,Oklahoma State Univ,USA,1,450,173,381,44.27,15.51
2014,MIS,46,Michigan Tech Univ,USA,1,510,191,422,37.62,6.78
2014,MIS,47,Univ of Michigan - Dearborn,USA,2,500,205,451,44.46,19.17
2014,MIS,48,Oakland University,USA,4,600,206,454,57.28,6.57
2014,MIS,49,Minnesota State University - Mankato,USA,1,450,210,463,45.61,2.50
2014,MIS,50,Saginaw Valley State Univ,USA,4,600,194,428,75.00,28.33
2014,MIS,51,Univ of Central Florida,USA,4,600,,,,
2014,MIS,52,Univ of North Florida,USA,4,600,246,542,,
2014,MIS,53,Queen's Univ - Ontario Canada,CAN,4,600,216,477,49.04,2.50
2014,MIS,54,Florida Inst of Tech,USA,4,600,245,541,43.21,2.56
2014,MIS,55,Cooper Union,USA,4,600,228,503,40.39,2.50
2014,MIS,56,Univ of Oklahoma,USA,2,550,155,342,17.31,22.58
2014,MIS,57,Univ of Toledo,USA,4,600,206,454,68.70,34.98
2014,MIS,58,Lawrence Technological Univ,USA,2,450,177,390,,
2014,MIS,59,Dalhousie Univ,CAN,4,600,223,491,40.57,2.50
2014,MIS,60,Univ of Western Ontario,CAN,4,600,218,481,66.38,38.18
2014,MIS,61,Univ of Illinois - Chicago,USA,4,600,220,486,,
2014,MIS,62,Univ of Missouri,USA,4,600,221,488,64.34,37.33
2014,MIS,63,Clarkson University,USA,4,600,259,570,,5.74
2014,MIS,64,Duke Univ,USA,4,600,221,487,62.67,8.21
2014,MIS,65,Universite Du Quebec a Trois-Rivieres,CAN,4,600,206,455,54.82,23.74
2014,MIS,66,Fachhochschule Hamburg,GER,4,600,204,450,56.63,44.57
2014,MIS,67,Washington Univ - St Louis,USA,4,600,205,452,44.80,14.96
2014,MIS,68,Univ of Alabama - Tuscaloosa,USA,4,600,235,518,,
2014,MIS,69,Universidad Iberoamericana,MEX,1,450,,,,
2014,MIS,70,Univ of Hartford,USA,1,513,185,408,,
2014,MIS,71,Florida International Univ,USA,1,450,204,450,,
2014,MIS,72,Univ of Utah,USA,1,510,,,,
2014,MIS,73,Universite Du Quebec-Chicoutimi,CAN,2,500,219,482,48.88,15.65
2014,MIS,74,Cegep du Vieux - Montreal,CAN,4,600,207,457,47.49,
2014,MIS,76,Ferris State University,USA,1,450,192,424,,
2014,MIS,77,Rochester Institute of Technology,USA,1,450,165,363,,
2014,MIS,78,Western Michigan Univ,USA,1,450,212,468,11.88,2.50
2014,MIS,79,Old Dominion Univ,USA,4,600,244,539,34.66,19.72
2014,MIS,80,Kookmin Univ,KOR,4,600,224,493,59.72,22.54
2014,MIS,81,Georgia Southern Univ,USA,1,510,197,435,45.57,14.72
2014,MIS,82,Univ of Connecticut,USA,4,600,196,433,50.25,24.84
2014,MIS,83,Recinto Univ De Mayaguez,USA,4,600,230,506,,
2014,MIS,84,Purdue Univ - W Lafayette,USA,4,600,208,459,58.43,22.73
2014,MIS,85,Rensselaer Polytechnic Inst,USA,4,600,205,453,,
2014,MIS,86,Southern Illinois Univ - Carbondale,USA,4,600,226,499,23.69,21.51
2014,MIS,87,Kansas State Univ,USA,1,450,231,510,28.68,21.62
2014,MIS,88,California Polytechnic State Univ-SLO,USA,1,450,202,445,45.80,25.88
2014,MIS,89,Penn State Univ - University Park,USA,4,600,236,521,4.41,2.50
2014,MIS,90,Texas Tech Univ,USA,1,450,176,387,,
2014,MIS,91,Bits Pilani-Dubai,UAE,4,600,,,,
2014,MIS,92,California State Univ - Long Beach,USA,4,600,265,585,45.73,11.33
2014,MIS,93,York College of Pa,USA,4,600,216,477,43.77,2.50
2014,MIS,94,West Virginia Univ,USA,4,600,262,577,33.67,2.50
2014,MIS,95,Univ of Kentucky,USA,4,600,,,,
2014,MIS,96,Lehigh Univ,USA,1,450,178,392,27.32,20.76
2014,MIS,97,Lakehead Univ,CAN,4,600,278,613,,
2014,MIS,98,Rose Hulman Inst of Tech,USA,4,600,226,499,32.67,16.03
2014,MIS,99,Florida Atlantic Univ,USA,4,600,234,515,,
2014,MIS,100,Vanderbilt Univ,USA,1,450,165,363,9.66,17.55
2014,MIS,101,Clemson Univ,USA,4,600,229,504,,
2014,MIS,102,North Carolina State Univ - Raleigh,USA,4,600,202,446,63.09,22.61
2014,MIS,103,Univ of Evansville,USA,1,572,184,405,33.67,7.41
2014,MIS,104,South Dakota Sch of Mines & Tech,USA,2,550,,,,
2014,MIS,105,Mississippi State Univ,USA,4,600,258,569,20.46,24.40
2014,MIS,106,North Dakota State Univ,USA,1,510,188,414,,
2014,MIS,107,American Univ of Sharjah,UAE,,,,,,
2014,MIS,108,Louisiana State Univ,USA,4,600,226,499,45.77,18.15
2014,MIS,109,Northern Illinois Univ,USA,4,600,,,,
2014,MIS,110,Temple Univ,USA,4,600,,,,
2014,MIS,111,Univ of Manitoba,CAN,4,600,204,449,40.10,11.33
2014,MIS,112,FH - Joanneum Graz,AUT,2,595,203,448,64.11,40.87
2014,MIS,113,Univ of Wisconsin - Madison,USA,1,605,172,380,52.59,36.45
2014,MIS,114,Virginia Tech,USA,1,450,167,368,46.70,29.76
2014,MIS,115,Ryerson Univ,CAN,4,600,,,,
2014,MIS,116,Lafayette College,USA,1,450,207,457,12.34,13.47
2014,MIS,117,Tennessee Tech Univ,USA,1,510,272,599,,
2014,MIS,119,Washington State Univ,USA,,,,,,
2014,MIS,120,Bradley Univ,USA,2,500,218,480,40.17,2.50
2014,MIS,121,Concordia University,CAN,4,600,219,483,,
2014,MIS,122,Rutgers Univ,USA,3,605,221,488,32.60,13.10
2014,MIS,123,MADI State Tech Univ,RUS,1,450,,,,
2014,MIS,124,Univ of Guelph,CAN,4,600,216,476,,
2014,MIS,125,Northwestern Univ,USA,1,450,177,390,,
2014,MIS,126,Univ of Waterloo,CAN,4,600,217,478,52.59,31.34
2013,MIS,1,Oregon State Univ,USA,1,450,158,349,55.36,43.07
2013,MIS,3,Universitat Stuttgart,GER,4,600,167,369,56.62,39.29
2013,MIS,5,Univ of Michigan - Ann Arbor,USA,4,600,198,436,59.37,25.91
2013,MIS,6,Graz Univ of Technology,AUT,1,510,155,342,43.43,28.63
2013,MIS,8,Ecole De Technologie Superieure,CAN,1,450,148,327,62.45,50.00
2013,MIS,10,Univ of Wisconsin - Madison,USA,1,605,156,344,49.36,37.00
2013,MIS,11,Univ of Kansas - Lawrence,USA,4,600,203,448,58.99,19.02
2013,MIS,12,Univ of South Florida,USA,,,,,,
2013,MIS,13,Centro Universitario Da FEI,BRA,1,450,176,389,45.12,42.43
2013,MIS,14,Missouri University of Science and Tech,USA,4,600,203,448,49.32,40.15
2013,MIS,15,Michigan State Univ,USA,4,600,232,512,53.62,21.11
2013,MIS,16,US Naval Academy,USA,2,550,179,394,,
2013,MIS,17,Universidad Simon Bolivar,VEN,4,600,215,475,47.34,25.75
2013,MIS,18,US Air Force Academy,USA,1,510,182,402,13.23,10.33
2013,MIS,19,Columbia Univ,USA,4,600,235,518,,
2013,MIS,20,Florida International Univ,USA,,,,,,
2013,MIS,21,Dalhousie Univ,CAN,4,600,230,506,29.02,13.80
2013,MIS,22,North Carolina State Univ - Raleigh,USA,4,600,201,444,53.30,30.34
2013,MIS,23,Univ of Central Florida,USA,4,600,212,468,34.52,10.43
2013,MIS,24,Ecole Polytechnique De Montreal,CAN,,,,,,
2013,MIS,25,Univ of Pittsburgh - Pittsburgh,USA,4,600,207,456,48.75,8.11
2013,MIS,26,Queen's Univ - Ontario Canada,CAN,4,600,220,485,10.63,2.50
2013,MIS,27,York College of Pa,USA,4,600,235,518,51.16,13.56
2013,MIS,29,Purdue Univ - W Lafayette,USA,4,600,195,431,52.94,25.52
2013,MIS,30,Universite Du Quebec-Chicoutimi,CAN,2,500,215,475,42.50,13.56
2013,MIS,31,Univ of Toledo,USA,4,600,197,434,57.46,23.72
2013,MIS,32,Brown Univ,USA,4,600,200,442,,
2013,MIS,33,Univ of Missouri,USA,4,600,221,487,,
2013,MIS,34,Worcester Polytechnic Inst,USA,,,,,,
2013,MIS,35,San Jose State University,USA,4,600,192,424,25.20,28.63
2013,MIS,36,Univ of Minnesota - Twin Cities,USA,4,600,218,480,43.55,22.61
2013,MIS,37,Lafayette College,USA,4,600,287,632,28.47,17.77
2013,MIS,38,Oakland University,USA,4,600,199,439,44.29,8.41
2013,MIS,39,Ohio State Univ,USA,4,600,215,473,39.41,26.19
2013,MIS,40,Kansas State Univ,USA,1,450,207,457,,
2013,MIS,41,Southern Polytechnic State Univ,USA,4,600,211,466,,
2013,MIS,42,Univ of Maryland - College Park,USA,1,450,206,455,32.08,33.40
2013,MIS,43,Northwestern Univ,USA,1,450,188,415,,
2013,MIS,44,Wayne State Univ,USA,4,600,222,490,,
2013,MIS,46,West Virginia Univ,USA,,,,,,
2013,MIS,47,Univ of North Florida,USA,4,600,239,526,6.94,2.50
2013,MIS,48,Georgia Institute of Technology,USA,1,450,181,398,22.22,12.61
2013,MIS,49,Univ of New Hampshire,USA,1,450,201,444,21.02,14.46
2013,MIS,50,Univ of Akron,USA,1,450,159,350,45.45,41.55
2013,MIS,51,Western Washington Univ,USA,4,600,214,472,35.48,14.06
2013,MIS,52,Florida Inst of Tech,USA,1,450,188,415,,
2013,MIS,53,Washington Univ - St Louis,USA,4,600,213,469,24.48,5.73
2013,MIS,54,Univ of Maine,USA,2,550,197,435,18.25,2.50
2013,MIS,55,Western Michigan Univ,USA,1,450,205,453,,
2013,MIS,56,Univ of St Thomas,USA,4,600,254,561,,
2013,MIS,57,Univ of Illinois - Chicago,USA,4,600,221,487,,
2013,MIS,58,Univ of Cincinnati,USA,1,450,172,380,36.80,17.00
2013,MIS,59,Univ of Hartford,USA,1,510,175,386,,
2013,MIS,60,Vanderbilt Univ,USA,,,,,,
2013,MIS,61,Univ of Toronto,CAN,,,,,,
2013,MIS,62,Ryerson Univ,CAN,,,,,,
2013,MIS,63,Cooper Union,USA,4,600,232,511,3.50,2.50
2013,MIS,64,Louisiana State Univ,USA,4,600,233,514,37.36,13.93
2013,MIS,65,Rensselaer Polytechnic Inst,USA,,,,,,
2013,MIS,66,South Dakota Sch of Mines & Tech,USA,2,550,154,340,,26.59
2013,MIS,67,Carnegie Mellon Univ,USA,4,600,206,455,,
2013,MIS,68,Universite Du Quebec a Trois-Rivieres,CAN,4,600,191,420,52.94,22.34
2013,MIS,69,Lakehead Univ,CAN,4,600,239,527,12.61,7.87
2013,MIS,70,Wichita State Univ,USA,4,600,224,493,,
2013,MIS,71,Saginaw Valley State Univ,USA,4,600,196,433,63.65,22.80
2013,MIS,72,Cegep du Vieux - Montreal,CAN,4,600,249,548,47.17,7.78
2013,MIS,73,Universite Laval,CAN,4,600,200,440,59.08,34.82
2013,MIS,74,Univ of Illinois - Urbana Champaign,USA,4,600,216,476,55.41,29.83
2013,MIS,75,Ferris State University,USA,1,450,179,395,,
2013,MIS,76,Univ of Michigan - Dearborn,USA,2,500,177,390,,
2013,MIS,77,Rutgers Univ,USA,,,,,,
2013,MIS,78,Univ of Windsor,CAN,4,600,212,467,44.21,20.33
2013,MIS,79,Auburn Univ,USA,4,600,200,442,51.24,31.96
2013,MIS,80,Texas Tech Univ,USA,1,450,184,405,,
2013,MIS,81,Georgia Southern Univ,USA,1,510,175,386,41.85,26.87
2013,MIS,82,Universidad Central de Venezuela,VEN,1,450,244,539,,
2013,MIS,83,Colorado State University,USA,4,600,218,481,34.96,33.44
2013,MIS,84,Cornell Univ,USA,4,600,186,411,75.00,27.93
2013,MIS,85,National Univ of Singapore,SIN,2,550,168,371,36.83,29.37
2013,MIS,86,Univ of Manitoba,CAN,4,600,204,450,5.78,4.78
2013,MIS,87,Tennessee Tech Univ,USA,,,,,,
2013,MIS,88,Villanova Univ,USA,4,600,194,428,,
2013,MIS,89,Florida Atlantic Univ,USA,4,600,232,511,58.75,2.50
2013,MIS,90,Arizona State Univ - Tempe,USA,4,600,237,522,3.50,2.50
2013,MIS,91,McGill Univ,CAN,1,450,181,399,3.50,
2013,MIS,92,Virginia Tech,USA,1,450,175,385,,
2013,MIS,93,Kookmin Univ,KOR,4,600,238,525,52.76,36.22
2013,MIS,94,Portland State Univ,USA,4,600,226,499,45.95,22.04
2013,MIS,95,Penn State Univ - University Park,USA,4,600,207,456,47.72,24.18
2013,MIS,96,Temple Univ,USA,4,600,248,547,,
2013,MIS,97,Rochester Institute of Technology,USA,1,450,149,329,25.73,38.16
2013,MIS,98,Univ of Alabama - Tuscaloosa,USA,4,600,223,491,,
2013,MIS,99,Univ of Western Ontario,CAN,4,600,222,489,55.78,28.87
2013,MIS,100,Clemson Univ,USA,4,600,234,516,39.64,21.89
2013,MIS,101,Kettering Univ,USA,1,450,181,399,43.31,22.42
2013,MIS,102,Northern Illinois Univ,USA,2,550,188,415,,
2013,MIS,103,Univ of Florida,USA,4,600,202,445,52.94,25.00
2013,MIS,104,Stevens Inst of Tech,USA,4,600,295,650,,
2013,MIS,105,Univ of North Carolina - Charlotte,USA,1,510,190,418,36.83,
2013,MIS,106,Univ of Waterloo,CAN,4,600,226,498,35.56,12.06
2013,MIS,107,Univ of Connecticut,USA,4,600,208,458,39.60,20.08
2013,MIS,108,Mississippi State Univ,USA,4,600,272,600,3.50,18.06
2013,MIS,109,Old Dominion Univ,USA,4,600,262,577,34.15,2.50
2013,MIS,110,Kumoh National Institute of Technology,KOR,4,600,233,514,12.92,13.40
2013,MIS,111,Bradley Univ,USA,2,500,219,482,17.13,2.50
2013,MIS,112,North Dakota State Univ,USA,1,510,,,,
2013,MIS,113,Duke Univ,USA,4,600,211,466,43.96,18.48
2013,MIS,114,Lehigh Univ,USA,1,450,,,,
2013,MIS,115,Univ of Ontario Institute of Tech,CAN,1,450,172,379,3.50,2.50
2013,MIS,117,Universidad Nacional Experimental Polite,VEN,,,,,,
2013,MIS,118,Tallinn University of Technology,EST,4,600,216,476,61.76,38.86
2013,MIS,119,Lawrence Technological Univ,USA,2,450,183,404,,
2013,MIS,120,Rose Hulman Inst of Tech,USA,,,,,,
2013,MIS,121,RWTH Aachen Tech Univ,GER,4,600,199,439,48.67,34.91
2013,MIS,122,Seoul National Univ of Science & Tech,KOR,1,575,,,,
2013,MIS,123,Univ of Minnesota-Duluth,USA,1,560,238,524,,2.50
2013,MIS,124,Universidad Autonoma Estado Mexico,MEX,1,450,225,497,,
2013,MIS,125,Carleton Univ,CAN,1,250,196,433,,
2013,MIS,126,Univ of Evansville,USA,,,,,,
2013,MIS,128,Oklahoma State Univ,USA,1,510,184,406,34.44,14.53